latitude,longitude,temp_surface_c,chlorophylle_mg_m3,vent_noeuds
43.50,-5.00,-257.39,1.27,22
43.50,-4.90,-255.09,1.26,5
43.50,-4.80,-254.74,0.15,7
43.50,-4.70,-253.60,1.42,8
43.50,-4.60,-254.52,0.22,22
43.50,-4.50,-257.36,0.32,19
43.50,-4.40,-253.54,0.15,16
43.50,-4.30,-253.73,1.02,15
43.50,-4.20,-253.25,0.85,18
43.50,-4.10,-256.62,1.46,22
43.50,-4.00,-254.68,0.87,23
43.50,-3.90,-257.01,0.50,8
43.50,-3.80,-255.79,0.45,10
43.50,-3.70,-253.95,0.29,16
43.50,-3.60,-254.01,0.59,19
43.50,-3.50,-256.62,0.60,19
43.50,-3.40,-254.93,0.22,16
43.50,-3.30,-254.09,1.38,17
43.50,-3.20,-253.24,1.19,5
43.50,-3.10,-256.50,1.11,21
43.50,-3.00,-255.52,0.99,5
43.50,-2.90,-254.59,0.14,21
43.50,-2.80,-255.54,0.61,6
43.50,-2.70,-253.77,0.99,12
43.50,-2.60,-254.43,1.15,12
43.50,-2.50,-257.15,1.07,12
43.50,-2.40,-255.17,0.98,17
43.50,-2.30,-256.88,1.46,18
43.50,-2.20,-254.25,1.03,18
43.50,-2.10,-255.08,1.39,14
43.50,-2.00,-257.06,0.91,18
43.50,-1.90,-257.62,0.63,14
43.50,-1.80,-255.10,1.21,5
43.50,-1.70,-257.29,0.50,19
43.50,-1.60,-255.69,0.24,14
43.60,-5.00,-255.66,1.28,16
43.60,-4.90,-256.04,0.61,11
43.60,-4.80,-255.37,0.24,5
43.60,-4.70,-254.10,1.30,7
43.60,-4.60,-257.04,1.33,5
43.60,-4.50,-256.71,0.32,5
43.60,-4.40,-254.61,0.22,15
43.60,-4.30,-257.04,1.17,22
43.60,-4.20,-254.22,1.15,7
43.60,-4.10,-254.75,0.13,16
43.60,-4.00,-256.42,0.29,5
43.60,-3.90,-253.77,0.98,18
43.60,-3.80,-256.76,1.02,21
43.60,-3.70,-256.55,0.92,22
43.60,-3.60,-257.25,0.89,20
43.60,-3.50,-254.44,0.85,11
43.60,-3.40,-253.44,1.40,9
43.60,-3.30,-256.80,0.18,11
43.60,-3.20,-257.83,0.47,15
43.60,-3.10,-255.31,1.07,14
43.60,-3.00,-255.95,0.85,12
43.60,-2.90,-257.46,0.61,15
43.60,-2.80,-255.57,0.76,10
43.60,-2.70,-254.32,1.37,23
43.60,-2.60,-256.63,0.71,16
43.60,-2.50,-257.05,1.26,24
43.60,-2.40,-257.00,1.08,19
43.60,-2.30,-255.35,1.43,5
43.60,-2.20,-253.31,0.31,20
43.60,-2.10,-258.11,0.52,16
43.60,-2.00,-256.05,0.92,24
43.60,-1.90,-253.81,1.40,12
43.60,-1.80,-254.86,0.16,13
43.60,-1.70,-253.73,0.90,6
43.60,-1.60,-256.92,0.71,20
43.70,-5.00,-256.26,0.85,19
43.70,-4.90,-253.34,1.10,6
43.70,-4.80,-255.72,0.50,6
43.70,-4.70,-255.13,1.09,7
43.70,-4.60,-257.57,0.50,15
43.70,-4.50,-255.91,0.39,6
43.70,-4.40,-254.21,0.98,14
43.70,-4.30,-254.24,0.12,23
43.70,-4.20,-253.74,0.57,10
43.70,-4.10,-256.46,1.30,23
43.70,-4.00,-254.29,0.37,12
43.70,-3.90,-254.69,0.17,24
43.70,-3.80,-256.70,0.72,11
43.70,-3.70,-254.90,0.67,19
43.70,-3.60,-253.56,0.28,21
43.70,-3.50,-255.18,1.37,12
43.70,-3.40,-258.14,1.26,8
43.70,-3.30,-253.80,1.08,17
43.70,-3.20,-255.22,0.42,14
43.70,-3.10,-256.30,0.29,6
43.70,-3.00,-254.79,0.19,8
43.70,-2.90,-257.67,0.40,15
43.70,-2.80,-256.76,0.39,21
43.70,-2.70,-254.15,0.96,21
43.70,-2.60,-254.93,1.29,20
43.70,-2.50,-256.81,0.31,15
43.70,-2.40,-257.74,0.87,17
43.70,-2.30,-256.31,1.00,11
43.70,-2.20,-257.63,0.38,9
43.70,-2.10,-258.06,1.16,5
43.70,-2.00,-253.86,0.49,23
43.70,-1.90,-257.37,0.40,10
43.70,-1.80,-257.95,0.34,6
43.70,-1.70,-257.39,0.97,19
43.70,-1.60,-257.50,0.19,14
43.80,-5.00,-257.76,1.19,19
43.80,-4.90,-254.44,1.09,11
43.80,-4.80,-257.28,1.26,11
43.80,-4.70,-256.13,1.37,17
43.80,-4.60,-254.09,0.96,6
43.80,-4.50,-255.93,1.09,21
43.80,-4.40,-258.15,0.87,10
43.80,-4.30,-256.61,0.70,9
43.80,-4.20,-255.46,0.93,21
43.80,-4.10,-255.13,0.29,10
43.80,-4.00,-255.69,0.64,23
43.80,-3.90,-256.66,0.14,18
43.80,-3.80,-256.07,0.98,23
43.80,-3.70,-257.72,1.08,5
43.80,-3.60,-257.75,1.34,13
43.80,-3.50,-255.31,1.16,13
43.80,-3.40,-256.20,0.65,11
43.80,-3.30,-256.30,1.29,20
43.80,-3.20,-253.36,1.00,10
43.80,-3.10,-254.03,0.21,15
43.80,-3.00,-256.75,1.09,7
43.80,-2.90,-256.82,0.91,16
43.80,-2.80,-254.48,0.97,14
43.80,-2.70,-256.00,0.42,22
43.80,-2.60,-254.52,1.03,22
43.80,-2.50,-254.45,1.48,20
43.80,-2.40,-257.43,0.39,9
43.80,-2.30,-256.26,0.33,8
43.80,-2.20,-253.77,1.01,21
43.80,-2.10,-255.68,1.16,7
43.80,-2.00,-256.85,0.38,14
43.80,-1.90,-256.91,0.32,24
43.80,-1.80,-254.86,1.28,17
43.80,-1.70,-253.24,0.64,10
43.80,-1.60,-256.57,0.53,21
43.90,-5.00,-255.41,0.57,12
43.90,-4.90,-254.30,0.99,14
43.90,-4.80,-254.65,0.10,7
43.90,-4.70,-255.46,0.18,15
43.90,-4.60,-254.77,0.30,20
43.90,-4.50,-258.00,1.30,15
43.90,-4.40,-256.58,0.65,9
43.90,-4.30,-255.72,0.98,23
43.90,-4.20,-256.65,1.11,9
43.90,-4.10,-257.88,1.42,8
43.90,-4.00,-253.20,0.81,11
43.90,-3.90,-254.97,0.85,14
43.90,-3.80,-257.86,0.80,16
43.90,-3.70,-253.41,0.56,10
43.90,-3.60,-257.44,0.42,23
43.90,-3.50,-254.15,0.57,19
43.90,-3.40,-255.21,0.45,17
43.90,-3.30,-257.42,1.12,19
43.90,-3.20,-255.97,1.27,24
43.90,-3.10,-253.44,0.34,6
43.90,-3.00,-254.82,0.46,16
43.90,-2.90,-257.12,0.18,16
43.90,-2.80,-255.29,1.01,19
43.90,-2.70,-255.69,0.39,8
43.90,-2.60,-256.90,0.44,9
43.90,-2.50,-256.93,1.17,9
43.90,-2.40,-255.48,0.88,18
43.90,-2.30,-257.88,0.73,11
43.90,-2.20,-256.84,1.43,23
43.90,-2.10,-257.79,0.73,20
43.90,-2.00,-256.60,0.24,17
43.90,-1.90,-254.33,0.93,12
43.90,-1.80,-256.21,0.64,19
43.90,-1.70,-255.47,1.23,5
43.90,-1.60,-257.23,0.17,5
44.00,-5.00,-256.47,0.19,14
44.00,-4.90,-254.87,1.22,14
44.00,-4.80,-253.27,0.29,18
44.00,-4.70,-255.73,1.20,10
44.00,-4.60,-257.35,1.17,21
44.00,-4.50,-254.91,0.99,14
44.00,-4.40,-257.58,0.48,9
44.00,-4.30,-256.26,1.00,22
44.00,-4.20,-254.20,0.29,5
44.00,-4.10,-257.21,0.79,19
44.00,-4.00,-254.53,0.15,19
44.00,-3.90,-255.03,1.39,16
44.00,-3.80,-253.71,1.38,23
44.00,-3.70,-254.70,0.12,6
44.00,-3.60,-253.93,0.60,8
44.00,-3.50,-257.14,1.03,6
44.00,-3.40,-254.94,0.43,9
44.00,-3.30,-255.24,0.21,16
44.00,-3.20,-254.84,0.24,14
44.00,-3.10,-257.31,1.16,14
44.00,-3.00,-255.63,0.95,11
44.00,-2.90,-254.08,0.52,16
44.00,-2.80,-254.90,1.34,10
44.00,-2.70,-253.31,0.18,12
44.00,-2.60,-253.67,1.39,6
44.00,-2.50,-257.04,0.33,10
44.00,-2.40,-255.58,1.20,15
44.00,-2.30,-257.46,1.32,21
44.00,-2.20,-255.25,0.74,11
44.00,-2.10,-256.19,0.15,12
44.00,-2.00,-254.80,0.29,15
44.00,-1.90,-257.34,0.95,13
44.00,-1.80,-256.31,1.16,10
44.00,-1.70,-255.06,0.72,10
44.00,-1.60,-255.62,0.27,6
44.10,-5.00,-256.79,0.57,9
44.10,-4.90,-253.91,0.59,19
44.10,-4.80,-258.00,1.34,12
44.10,-4.70,-256.54,1.41,8
44.10,-4.60,-257.66,0.89,19
44.10,-4.50,-256.89,0.22,24
44.10,-4.40,-257.91,1.35,17
44.10,-4.30,-255.31,0.71,14
44.10,-4.20,-253.24,0.98,10
44.10,-4.10,-257.07,1.48,16
44.10,-4.00,-256.76,0.67,7
44.10,-3.90,-258.14,0.81,24
44.10,-3.80,-253.89,0.67,13
44.10,-3.70,-256.70,0.42,16
44.10,-3.60,-255.24,1.44,24
44.10,-3.50,-254.83,0.98,6
44.10,-3.40,-253.79,0.51,19
44.10,-3.30,-256.99,0.26,17
44.10,-3.20,-256.83,0.69,19
44.10,-3.10,-253.70,0.90,10
44.10,-3.00,-253.56,1.34,24
44.10,-2.90,-258.08,1.05,17
44.10,-2.80,-253.32,1.29,13
44.10,-2.70,-256.17,1.04,22
44.10,-2.60,-255.24,0.34,7
44.10,-2.50,-255.45,0.57,23
44.10,-2.40,-254.74,1.46,14
44.10,-2.30,-256.02,0.88,6
44.10,-2.20,-258.02,1.34,6
44.10,-2.10,-257.99,0.53,10
44.10,-2.00,-254.56,0.28,13
44.10,-1.90,-255.29,1.15,13
44.10,-1.80,-255.51,1.34,19
44.10,-1.70,-255.98,0.59,9
44.10,-1.60,-257.67,0.21,8
44.20,-5.00,-254.05,0.35,19
44.20,-4.90,-253.26,0.71,6
44.20,-4.80,-255.61,0.39,7
44.20,-4.70,-254.66,0.23,13
44.20,-4.60,-253.27,0.13,12
44.20,-4.50,-254.27,0.73,17
44.20,-4.40,-256.22,0.56,7
44.20,-4.30,-256.57,0.38,15
44.20,-4.20,-254.90,1.28,8
44.20,-4.10,-256.12,1.33,15
44.20,-4.00,-255.18,1.47,21
44.20,-3.90,-256.81,0.19,24
44.20,-3.80,-256.99,0.55,8
44.20,-3.70,-254.71,0.98,13
44.20,-3.60,-255.91,0.29,24
44.20,-3.50,-253.77,0.57,5
44.20,-3.40,-257.17,1.28,16
44.20,-3.30,-253.71,1.26,16
44.20,-3.20,-256.73,0.84,12
44.20,-3.10,-253.23,1.15,18
44.20,-3.00,-255.61,0.31,7
44.20,-2.90,-253.69,0.64,8
44.20,-2.80,-253.19,0.82,17
44.20,-2.70,-256.07,0.36,13
44.20,-2.60,-256.41,1.44,11
44.20,-2.50,-255.71,0.91,9
44.20,-2.40,-253.25,1.26,15
44.20,-2.30,-256.47,1.09,11
44.20,-2.20,-258.15,0.76,12
44.20,-2.10,-255.24,0.66,11
44.20,-2.00,-256.62,0.24,11
44.20,-1.90,-254.92,0.82,15
44.20,-1.80,-255.62,1.49,15
44.20,-1.70,-256.17,1.40,15
44.20,-1.60,-253.82,0.98,9
44.30,-5.00,-256.98,0.96,11
44.30,-4.90,-254.48,1.34,21
44.30,-4.80,-254.28,1.29,20
44.30,-4.70,-253.25,1.00,21
44.30,-4.60,-255.96,0.96,5
44.30,-4.50,-254.47,0.80,13
44.30,-4.40,-256.94,0.20,7
44.30,-4.30,-255.49,1.44,16
44.30,-4.20,-253.96,1.47,6
44.30,-4.10,-253.24,0.24,23
44.30,-4.00,-257.15,0.16,9
44.30,-3.90,-257.90,0.17,6
44.30,-3.80,-254.43,0.88,12
44.30,-3.70,-257.53,0.65,20
44.30,-3.60,-253.60,1.45,22
44.30,-3.50,-256.62,0.43,12
44.30,-3.40,-256.00,0.71,22
44.30,-3.30,-255.78,0.35,17
44.30,-3.20,-256.38,0.51,16
44.30,-3.10,-254.45,0.66,12
44.30,-3.00,-253.34,1.10,24
44.30,-2.90,-257.18,1.36,5
44.30,-2.80,-253.21,0.90,12
44.30,-2.70,-256.36,0.98,19
44.30,-2.60,-253.85,0.97,8
44.30,-2.50,-253.24,1.40,19
44.30,-2.40,-255.77,0.80,11
44.30,-2.30,-257.95,1.37,13
44.30,-2.20,-258.03,1.04,6
44.30,-2.10,-255.64,1.02,20
44.30,-2.00,-255.90,1.33,22
44.30,-1.90,-254.82,0.56,5
44.30,-1.80,-255.78,0.20,20
44.30,-1.70,-253.86,0.68,23
44.30,-1.60,-254.52,1.02,22
44.40,-5.00,-255.27,1.08,18
44.40,-4.90,-255.61,0.12,7
44.40,-4.80,-257.50,1.41,24
44.40,-4.70,-257.46,1.07,19
44.40,-4.60,-256.10,1.27,6
44.40,-4.50,-255.77,0.45,8
44.40,-4.40,-257.84,0.29,5
44.40,-4.30,-255.43,0.66,11
44.40,-4.20,-255.84,0.84,14
44.40,-4.10,-254.12,0.24,10
44.40,-4.00,-254.91,0.89,17
44.40,-3.90,-255.31,0.64,23
44.40,-3.80,-255.73,0.13,8
44.40,-3.70,-254.36,0.15,24
44.40,-3.60,-253.32,0.87,19
44.40,-3.50,-254.56,1.16,16
44.40,-3.40,-253.33,0.79,15
44.40,-3.30,-255.13,0.69,14
44.40,-3.20,-256.97,1.09,9
44.40,-3.10,-253.65,0.23,20
44.40,-3.00,-253.37,1.15,23
44.40,-2.90,-255.46,0.72,19
44.40,-2.80,-253.63,0.78,24
44.40,-2.70,-254.56,1.50,14
44.40,-2.60,-257.57,0.51,8
44.40,-2.50,-257.09,1.21,21
44.40,-2.40,-256.40,1.16,23
44.40,-2.30,-253.18,0.54,15
44.40,-2.20,-253.47,0.33,6
44.40,-2.10,-253.25,0.62,7
44.40,-2.00,-255.84,0.76,9
44.40,-1.90,-255.66,0.55,24
44.40,-1.80,-256.93,1.16,21
44.40,-1.70,-255.33,0.95,14
44.40,-1.60,-257.96,1.01,12
44.50,-5.00,-253.17,0.28,10
44.50,-4.90,-254.21,1.01,16
44.50,-4.80,-253.56,1.24,15
44.50,-4.70,-254.53,0.91,24
44.50,-4.60,-255.25,1.18,8
44.50,-4.50,-254.02,0.93,7
44.50,-4.40,-256.20,0.75,20
44.50,-4.30,-255.76,0.15,11
44.50,-4.20,-256.18,0.52,23
44.50,-4.10,-255.19,0.89,13
44.50,-4.00,-258.07,0.51,5
44.50,-3.90,-257.24,0.47,23
44.50,-3.80,-255.37,0.75,7
44.50,-3.70,-254.78,0.30,11
44.50,-3.60,-255.37,1.31,20
44.50,-3.50,-258.04,0.97,20
44.50,-3.40,-255.23,1.08,11
44.50,-3.30,-254.60,0.69,11
44.50,-3.20,-254.27,0.92,9
44.50,-3.10,-253.40,0.34,6
44.50,-3.00,-255.54,1.39,9
44.50,-2.90,-256.93,0.46,20
44.50,-2.80,-254.07,1.31,23
44.50,-2.70,-253.60,0.75,11
44.50,-2.60,-254.95,0.88,14
44.50,-2.50,-253.31,0.75,11
44.50,-2.40,-256.32,1.14,16
44.50,-2.30,-256.76,0.17,5
44.50,-2.20,-255.08,0.31,22
44.50,-2.10,-254.31,0.53,12
44.50,-2.00,-256.35,1.28,21
44.50,-1.90,-255.21,0.94,23
44.50,-1.80,-257.27,1.25,13
44.50,-1.70,-255.23,0.76,12
44.50,-1.60,-257.00,0.61,6
44.60,-5.00,-254.75,1.02,8
44.60,-4.90,-257.25,0.76,7
44.60,-4.80,-256.61,0.88,18
44.60,-4.70,-254.91,0.83,15
44.60,-4.60,-257.98,1.46,10
44.60,-4.50,-254.54,1.28,8
44.60,-4.40,-255.31,1.32,20
44.60,-4.30,-257.56,0.73,16
44.60,-4.20,-257.43,0.20,22
44.60,-4.10,-256.99,0.35,22
44.60,-4.00,-257.98,0.22,13
44.60,-3.90,-257.47,1.21,12
44.60,-3.80,-255.08,1.20,5
44.60,-3.70,-257.88,0.37,18
44.60,-3.60,-257.69,0.85,17
44.60,-3.50,-257.62,0.43,24
44.60,-3.40,-256.45,0.70,12
44.60,-3.30,-257.19,1.18,19
44.60,-3.20,-253.29,0.53,24
44.60,-3.10,-257.78,0.36,17
44.60,-3.00,-255.12,0.88,18
44.60,-2.90,-255.10,0.48,11
44.60,-2.80,-257.48,1.07,22
44.60,-2.70,-255.50,0.83,5
44.60,-2.60,-253.97,0.23,16
44.60,-2.50,-254.60,0.58,6
44.60,-2.40,-255.63,1.41,21
44.60,-2.30,-254.67,0.84,19
44.60,-2.20,-256.39,1.28,24
44.60,-2.10,-256.20,0.39,20
44.60,-2.00,-256.61,1.16,14
44.60,-1.90,-255.64,1.06,11
44.60,-1.80,-256.71,0.91,14
44.60,-1.70,-257.99,1.29,19
44.60,-1.60,-257.71,0.12,14
44.70,-5.00,-256.17,0.74,5
44.70,-4.90,-256.68,1.13,12
44.70,-4.80,-254.86,0.46,5
44.70,-4.70,-256.57,0.94,7
44.70,-4.60,-256.44,0.11,15
44.70,-4.50,-257.25,0.91,11
44.70,-4.40,-253.91,1.45,15
44.70,-4.30,-255.37,1.41,19
44.70,-4.20,-253.52,1.10,18
44.70,-4.10,-255.84,0.55,7
44.70,-4.00,-256.46,1.27,22
44.70,-3.90,-256.60,1.36,6
44.70,-3.80,-257.27,1.23,7
44.70,-3.70,-254.98,1.37,13
44.70,-3.60,-257.72,1.47,11
44.70,-3.50,-257.29,0.49,9
44.70,-3.40,-258.15,1.01,18
44.70,-3.30,-255.30,0.98,13
44.70,-3.20,-254.68,0.62,19
44.70,-3.10,-255.98,1.10,15
44.70,-3.00,-255.27,0.52,15
44.70,-2.90,-256.22,0.45,19
44.70,-2.80,-255.33,0.28,8
44.70,-2.70,-258.08,0.54,23
44.70,-2.60,-254.79,1.42,18
44.70,-2.50,-256.93,1.20,21
44.70,-2.40,-255.48,1.11,22
44.70,-2.30,-253.98,0.42,14
44.70,-2.20,-257.41,0.77,21
44.70,-2.10,-255.51,0.71,7
44.70,-2.00,-254.99,0.80,6
44.70,-1.90,-255.38,0.41,12
44.70,-1.80,-253.27,1.16,15
44.70,-1.70,-253.78,0.87,17
44.70,-1.60,-255.79,0.10,12
44.80,-5.00,-256.32,0.67,10
44.80,-4.90,-253.67,1.00,16
44.80,-4.80,-257.12,1.46,7
44.80,-4.70,-255.19,0.37,12
44.80,-4.60,-256.86,0.93,15
44.80,-4.50,-257.84,0.33,13
44.80,-4.40,-257.65,1.26,23
44.80,-4.30,-255.36,0.49,15
44.80,-4.20,-257.30,0.20,22
44.80,-4.10,-256.02,1.14,24
44.80,-4.00,-257.20,0.72,18
44.80,-3.90,-253.24,1.31,10
44.80,-3.80,-253.22,0.47,16
44.80,-3.70,-254.31,1.13,22
44.80,-3.60,-254.29,0.74,14
44.80,-3.50,-255.47,0.61,24
44.80,-3.40,-256.08,1.00,10
44.80,-3.30,-254.86,0.47,15
44.80,-3.20,-257.06,1.22,7
44.80,-3.10,-255.70,0.50,5
44.80,-3.00,-253.94,0.48,9
44.80,-2.90,-255.49,1.40,5
44.80,-2.80,-253.62,1.29,16
44.80,-2.70,-255.67,0.56,24
44.80,-2.60,-257.65,0.16,5
44.80,-2.50,-253.39,0.72,24
44.80,-2.40,-256.61,1.39,23
44.80,-2.30,-254.45,1.41,18
44.80,-2.20,-255.00,1.24,9
44.80,-2.10,-255.61,0.73,5
44.80,-2.00,-254.28,0.74,12
44.80,-1.90,-254.21,1.14,15
44.80,-1.80,-254.34,0.56,23
44.80,-1.70,-253.91,1.39,19
44.80,-1.60,-257.98,0.51,6
44.90,-5.00,-257.39,0.35,23
44.90,-4.90,-253.69,1.13,20
44.90,-4.80,-257.80,0.69,20
44.90,-4.70,-253.63,1.42,19
44.90,-4.60,-256.53,0.27,12
44.90,-4.50,-257.68,0.80,22
44.90,-4.40,-258.13,1.33,19
44.90,-4.30,-257.35,0.97,14
44.90,-4.20,-256.25,0.84,9
44.90,-4.10,-255.57,1.05,20
44.90,-4.00,-253.41,1.11,22
44.90,-3.90,-256.00,1.13,20
44.90,-3.80,-255.76,0.44,7
44.90,-3.70,-255.24,0.42,16
44.90,-3.60,-255.34,1.48,15
44.90,-3.50,-256.07,0.22,24
44.90,-3.40,-254.49,0.61,14
44.90,-3.30,-256.22,0.55,14
44.90,-3.20,-257.66,0.82,20
44.90,-3.10,-254.85,1.23,10
44.90,-3.00,-255.46,0.91,9
44.90,-2.90,-253.74,1.17,16
44.90,-2.80,-257.86,0.77,7
44.90,-2.70,-257.06,0.56,6
44.90,-2.60,-256.03,0.14,22
44.90,-2.50,-255.47,1.19,16
44.90,-2.40,-256.28,1.32,24
44.90,-2.30,-254.67,0.46,21
44.90,-2.20,-257.23,1.06,21
44.90,-2.10,-256.05,0.13,7
44.90,-2.00,-257.24,0.35,19
44.90,-1.90,-254.17,0.96,15
44.90,-1.80,-256.63,1.16,24
44.90,-1.70,-255.96,1.12,19
44.90,-1.60,-257.80,0.68,10
45.00,-5.00,-253.93,1.11,5
45.00,-4.90,-255.19,1.07,19
45.00,-4.80,-256.36,0.26,24
45.00,-4.70,-257.90,1.40,7
45.00,-4.60,-257.58,1.16,15
45.00,-4.50,-255.64,0.62,14
45.00,-4.40,-256.31,0.12,19
45.00,-4.30,-254.44,1.34,19
45.00,-4.20,-255.02,1.29,21
45.00,-4.10,-254.99,1.27,9
45.00,-4.00,-256.82,0.87,10
45.00,-3.90,-257.81,0.80,8
45.00,-3.80,-256.87,0.87,14
45.00,-3.70,-254.38,0.45,16
45.00,-3.60,-256.62,0.40,18
45.00,-3.50,-257.65,1.41,13
45.00,-3.40,-258.09,0.93,22
45.00,-3.30,-254.17,1.20,16
45.00,-3.20,-254.68,1.49,21
45.00,-3.10,-256.85,1.11,22
45.00,-3.00,-255.48,0.51,14
45.00,-2.90,-253.70,0.98,17
45.00,-2.80,-257.28,0.14,23
45.00,-2.70,-254.18,0.60,6
45.00,-2.60,-258.03,1.13,21
45.00,-2.50,-254.75,1.23,18
45.00,-2.40,-256.63,1.38,9
45.00,-2.30,-255.59,0.60,16
45.00,-2.20,-256.05,0.72,12
45.00,-2.10,-255.66,0.29,5
45.00,-2.00,-254.77,1.09,7
45.00,-1.90,-256.44,0.44,5
45.00,-1.80,-254.79,0.54,23
45.00,-1.70,-256.85,0.72,14
45.00,-1.60,-254.41,0.97,20
45.10,-5.00,-254.36,1.29,17
45.10,-4.90,-256.61,1.37,5
45.10,-4.80,-254.76,0.57,19
45.10,-4.70,-253.88,0.89,20
45.10,-4.60,-256.90,0.26,23
45.10,-4.50,-253.63,0.76,19
45.10,-4.40,-253.89,0.96,8
45.10,-4.30,-254.06,0.85,7
45.10,-4.20,-254.31,0.45,12
45.10,-4.10,-255.32,1.11,5
45.10,-4.00,-255.37,1.11,12
45.10,-3.90,-254.16,0.34,20
45.10,-3.80,-253.62,0.25,17
45.10,-3.70,-255.94,0.14,8
45.10,-3.60,-254.88,1.35,14
45.10,-3.50,-255.86,0.29,9
45.10,-3.40,-254.44,1.04,18
45.10,-3.30,-255.22,0.36,13
45.10,-3.20,-255.60,1.37,11
45.10,-3.10,-257.11,0.62,11
45.10,-3.00,-254.53,1.41,10
45.10,-2.90,-257.11,1.17,8
45.10,-2.80,-254.38,1.49,9
45.10,-2.70,-253.56,0.40,18
45.10,-2.60,-257.83,0.14,16
45.10,-2.50,-256.19,1.05,11
45.10,-2.40,-254.66,0.50,24
45.10,-2.30,-254.57,1.25,19
45.10,-2.20,-257.67,1.48,9
45.10,-2.10,-255.84,0.73,17
45.10,-2.00,-256.11,1.42,21
45.10,-1.90,-257.07,0.37,21
45.10,-1.80,-257.32,0.16,8
45.10,-1.70,-257.60,1.24,18
45.10,-1.60,-257.47,0.30,15
45.20,-5.00,-256.89,1.19,17
45.20,-4.90,-255.99,0.77,18
45.20,-4.80,-258.14,0.96,11
45.20,-4.70,-257.08,0.21,10
45.20,-4.60,-256.42,0.80,19
45.20,-4.50,-257.02,1.00,13
45.20,-4.40,-254.43,1.32,5
45.20,-4.30,-254.90,1.24,24
45.20,-4.20,-255.32,0.63,21
45.20,-4.10,-257.08,1.38,11
45.20,-4.00,-256.96,0.86,8
45.20,-3.90,-256.61,0.11,23
45.20,-3.80,-256.52,0.77,20
45.20,-3.70,-256.87,0.13,19
45.20,-3.60,-257.19,0.89,15
45.20,-3.50,-254.97,0.18,20
45.20,-3.40,-256.61,1.22,12
45.20,-3.30,-253.68,1.27,5
45.20,-3.20,-255.73,0.94,5
45.20,-3.10,-255.05,0.43,15
45.20,-3.00,-255.95,1.45,19
45.20,-2.90,-256.47,0.62,12
45.20,-2.80,-255.48,1.04,24
45.20,-2.70,-253.59,0.23,7
45.20,-2.60,-254.52,1.03,14
45.20,-2.50,-254.26,1.19,21
45.20,-2.40,-253.98,0.83,24
45.20,-2.30,-255.50,0.92,13
45.20,-2.20,-256.10,1.15,21
45.20,-2.10,-254.11,1.17,24
45.20,-2.00,-257.28,0.28,11
45.20,-1.90,-256.14,1.14,7
45.20,-1.80,-257.61,0.46,20
45.20,-1.70,-255.46,0.24,9
45.20,-1.60,-254.18,0.52,24
45.30,-5.00,-255.76,0.47,13
45.30,-4.90,-253.88,0.73,16
45.30,-4.80,-254.82,0.96,5
45.30,-4.70,-257.76,1.21,20
45.30,-4.60,-258.07,0.24,16
45.30,-4.50,-254.99,0.39,20
45.30,-4.40,-253.46,1.28,17
45.30,-4.30,-253.94,1.11,18
45.30,-4.20,-255.99,0.59,17
45.30,-4.10,-254.04,0.35,18
45.30,-4.00,-255.46,0.12,14
45.30,-3.90,-255.70,0.36,21
45.30,-3.80,-257.14,1.07,20
45.30,-3.70,-256.11,1.20,20
45.30,-3.60,-254.13,1.27,19
45.30,-3.50,-255.88,0.54,24
45.30,-3.40,-257.35,0.19,11
45.30,-3.30,-254.97,1.18,8
45.30,-3.20,-257.93,0.87,11
45.30,-3.10,-257.87,0.99,20
45.30,-3.00,-257.50,1.23,11
45.30,-2.90,-254.62,0.30,11
45.30,-2.80,-256.01,0.79,18
45.30,-2.70,-256.19,0.63,9
45.30,-2.60,-254.68,0.45,9
45.30,-2.50,-257.29,0.17,14
45.30,-2.40,-253.69,1.01,19
45.30,-2.30,-257.30,0.73,10
45.30,-2.20,-254.59,0.96,20
45.30,-2.10,-254.85,0.48,10
45.30,-2.00,-255.07,0.14,8
45.30,-1.90,-254.93,0.26,10
45.30,-1.80,-253.45,0.18,10
45.30,-1.70,-254.27,1.03,23
45.30,-1.60,-255.69,1.41,14
45.40,-5.00,-256.28,1.10,9
45.40,-4.90,-256.97,0.18,9
45.40,-4.80,-254.94,0.38,12
45.40,-4.70,-253.63,1.04,20
45.40,-4.60,-255.73,1.26,12
45.40,-4.50,-257.52,1.37,9
45.40,-4.40,-254.53,0.52,23
45.40,-4.30,-256.07,1.07,9
45.40,-4.20,-254.04,1.11,15
45.40,-4.10,-255.48,0.25,18
45.40,-4.00,-256.16,0.64,7
45.40,-3.90,-254.59,0.98,11
45.40,-3.80,-253.29,0.68,21
45.40,-3.70,-254.04,1.04,12
45.40,-3.60,-254.68,0.13,24
45.40,-3.50,-255.07,0.54,19
45.40,-3.40,-257.44,0.24,16
45.40,-3.30,-257.42,0.52,15
45.40,-3.20,-257.09,1.08,24
45.40,-3.10,-255.20,0.19,13
45.40,-3.00,-253.60,1.22,13
45.40,-2.90,-255.39,1.29,5
45.40,-2.80,-253.64,0.99,18
45.40,-2.70,-256.72,1.14,20
45.40,-2.60,-253.36,0.57,19
45.40,-2.50,-254.25,0.67,5
45.40,-2.40,-256.60,0.70,12
45.40,-2.30,-255.86,0.19,21
45.40,-2.20,-257.02,1.38,15
45.40,-2.10,-253.83,1.16,9
45.40,-2.00,-256.26,0.98,12
45.40,-1.90,-253.28,0.37,8
45.40,-1.80,-256.18,0.61,6
45.40,-1.70,-254.27,1.32,5
45.40,-1.60,-254.13,1.27,21
45.50,-5.00,-257.92,1.15,24
45.50,-4.90,-253.36,0.20,23
45.50,-4.80,-254.58,0.20,22
45.50,-4.70,-254.53,0.18,10
45.50,-4.60,-255.14,1.31,24
45.50,-4.50,-254.30,1.25,17
45.50,-4.40,-257.94,0.39,6
45.50,-4.30,-256.79,0.71,22
45.50,-4.20,-257.06,1.14,12
45.50,-4.10,-257.87,0.84,10
45.50,-4.00,-254.39,1.15,23
45.50,-3.90,-257.99,0.56,12
45.50,-3.80,-257.08,0.13,22
45.50,-3.70,-255.50,1.21,20
45.50,-3.60,-255.41,1.31,13
45.50,-3.50,-258.01,0.71,10
45.50,-3.40,-253.41,0.60,9
45.50,-3.30,-255.26,1.21,5
45.50,-3.20,-253.92,0.49,16
45.50,-3.10,-255.74,1.33,12
45.50,-3.00,-253.47,1.20,14
45.50,-2.90,-256.60,0.93,19
45.50,-2.80,-255.61,1.30,15
45.50,-2.70,-255.26,0.17,22
45.50,-2.60,-256.53,0.15,23
45.50,-2.50,-254.99,0.88,6
45.50,-2.40,-256.91,0.71,16
45.50,-2.30,-254.53,0.46,21
45.50,-2.20,-254.42,1.06,17
45.50,-2.10,-256.01,0.60,5
45.50,-2.00,-254.59,1.01,17
45.50,-1.90,-258.13,1.48,23
45.50,-1.80,-255.15,1.22,9
45.50,-1.70,-257.94,1.41,17
45.50,-1.60,-255.45,1.28,20
45.60,-5.00,-257.60,0.44,7
45.60,-4.90,-257.50,0.30,20
45.60,-4.80,-254.74,0.81,18
45.60,-4.70,-256.65,0.90,12
45.60,-4.60,-253.83,0.49,13
45.60,-4.50,-253.76,1.48,13
45.60,-4.40,-254.52,1.12,18
45.60,-4.30,-255.72,0.88,11
45.60,-4.20,-254.35,0.69,23
45.60,-4.10,-253.75,0.65,20
45.60,-4.00,-254.88,0.82,21
45.60,-3.90,-255.68,0.75,22
45.60,-3.80,-253.49,0.14,14
45.60,-3.70,-253.29,0.32,15
45.60,-3.60,-253.82,1.19,19
45.60,-3.50,-256.18,1.33,13
45.60,-3.40,-255.84,0.30,12
45.60,-3.30,-255.75,1.05,12
45.60,-3.20,-256.30,1.45,18
45.60,-3.10,-253.89,1.15,13
45.60,-3.00,-255.00,1.05,15
45.60,-2.90,-257.81,1.14,18
45.60,-2.80,-257.94,1.37,7
45.60,-2.70,-257.57,1.07,16
45.60,-2.60,-256.53,1.25,5
45.60,-2.50,-255.08,1.39,10
45.60,-2.40,-254.84,1.25,14
45.60,-2.30,-255.03,1.17,20
45.60,-2.20,-254.38,1.33,24
45.60,-2.10,-257.46,0.54,8
45.60,-2.00,-256.38,0.39,11
45.60,-1.90,-257.63,0.67,5
45.60,-1.80,-255.12,0.24,15
45.60,-1.70,-254.00,1.12,7
45.60,-1.60,-254.32,0.51,11
45.70,-5.00,-255.72,0.48,12
45.70,-4.90,-256.41,0.61,16
45.70,-4.80,-254.14,1.14,20
45.70,-4.70,-255.86,1.48,20
45.70,-4.60,-256.40,1.07,13
45.70,-4.50,-254.45,1.13,12
45.70,-4.40,-257.28,0.95,5
45.70,-4.30,-256.27,1.46,19
45.70,-4.20,-255.04,0.28,6
45.70,-4.10,-254.13,0.72,17
45.70,-4.00,-254.83,0.26,21
45.70,-3.90,-253.59,1.31,14
45.70,-3.80,-257.81,1.20,9
45.70,-3.70,-257.31,0.60,21
45.70,-3.60,-254.94,0.44,23
45.70,-3.50,-257.54,1.05,12
45.70,-3.40,-257.90,1.11,23
45.70,-3.30,-254.12,1.09,6
45.70,-3.20,-256.02,0.57,11
45.70,-3.10,-254.86,1.27,16
45.70,-3.00,-256.97,0.17,23
45.70,-2.90,-257.94,1.30,23
45.70,-2.80,-257.02,1.27,5
45.70,-2.70,-256.31,0.42,23
45.70,-2.60,-253.62,0.58,7
45.70,-2.50,-256.53,1.37,10
45.70,-2.40,-256.32,1.20,16
45.70,-2.30,-254.38,0.65,5
45.70,-2.20,-257.84,0.68,17
45.70,-2.10,-254.29,1.18,16
45.70,-2.00,-257.92,0.67,22
45.70,-1.90,-257.28,1.42,8
45.70,-1.80,-256.63,0.48,8
45.70,-1.70,-253.77,1.45,21
45.70,-1.60,-255.00,1.43,5
45.80,-5.00,-256.75,1.42,18
45.80,-4.90,-255.14,0.33,13
45.80,-4.80,-254.79,0.97,11
45.80,-4.70,-254.90,0.55,13
45.80,-4.60,-253.17,1.29,14
45.80,-4.50,-256.14,1.49,14
45.80,-4.40,-258.04,0.10,5
45.80,-4.30,-256.89,1.29,13
45.80,-4.20,-255.40,0.59,8
45.80,-4.10,-256.96,0.51,10
45.80,-4.00,-257.99,0.55,24
45.80,-3.90,-256.46,1.42,23
45.80,-3.80,-253.56,1.23,23
45.80,-3.70,-255.13,0.43,14
45.80,-3.60,-256.48,0.74,16
45.80,-3.50,-256.47,0.15,6
45.80,-3.40,-254.78,0.32,7
45.80,-3.30,-254.46,0.26,6
45.80,-3.20,-257.47,0.84,21
45.80,-3.10,-256.76,0.62,7
45.80,-3.00,-253.71,1.28,14
45.80,-2.90,-253.59,0.80,13
45.80,-2.80,-254.06,0.74,16
45.80,-2.70,-257.63,0.65,23
45.80,-2.60,-256.77,1.29,10
45.80,-2.50,-258.01,0.71,21
45.80,-2.40,-255.87,0.23,22
45.80,-2.30,-255.16,0.84,16
45.80,-2.20,-254.80,1.08,16
45.80,-2.10,-255.25,0.33,19
45.80,-2.00,-256.44,0.17,17
45.80,-1.90,-256.50,0.51,6
45.80,-1.80,-255.41,0.36,11
45.80,-1.70,-253.21,1.49,18
45.80,-1.60,-253.79,1.26,17
45.90,-5.00,-256.30,1.21,6
45.90,-4.90,-256.47,0.72,5
45.90,-4.80,-254.17,0.40,15
45.90,-4.70,-254.80,1.17,10
45.90,-4.60,-253.29,0.94,7
45.90,-4.50,-254.42,0.29,5
45.90,-4.40,-256.46,0.66,6
45.90,-4.30,-255.38,0.48,7
45.90,-4.20,-253.54,1.31,22
45.90,-4.10,-256.45,0.33,14
45.90,-4.00,-253.98,0.85,18
45.90,-3.90,-253.68,0.57,9
45.90,-3.80,-255.85,1.05,8
45.90,-3.70,-256.69,1.18,5
45.90,-3.60,-256.37,0.97,16
45.90,-3.50,-254.25,0.40,5
45.90,-3.40,-255.49,0.21,12
45.90,-3.30,-254.59,0.38,24
45.90,-3.20,-257.14,0.71,11
45.90,-3.10,-256.52,0.69,6
45.90,-3.00,-254.29,0.80,17
45.90,-2.90,-253.46,1.17,21
45.90,-2.80,-256.68,0.24,12
45.90,-2.70,-256.82,0.47,22
45.90,-2.60,-254.74,0.63,11
45.90,-2.50,-257.25,1.21,6
45.90,-2.40,-258.08,1.38,19
45.90,-2.30,-254.00,0.85,20
45.90,-2.20,-256.38,0.67,24
45.90,-2.10,-253.44,0.52,6
45.90,-2.00,-256.64,0.18,5
45.90,-1.90,-257.79,1.01,18
45.90,-1.80,-254.00,0.48,12
45.90,-1.70,-257.34,0.53,5
45.90,-1.60,-255.28,0.10,12
46.00,-5.00,-255.63,1.33,13
46.00,-4.90,-253.17,1.46,23
46.00,-4.80,-257.36,0.83,10
46.00,-4.70,-258.14,0.15,13
46.00,-4.60,-253.56,1.41,19
46.00,-4.50,-256.74,1.44,8
46.00,-4.40,-253.58,1.46,16
46.00,-4.30,-253.60,0.31,14
46.00,-4.20,-255.20,0.27,24
46.00,-4.10,-253.51,0.15,15
46.00,-4.00,-254.55,0.69,21
46.00,-3.90,-253.72,0.25,23
46.00,-3.80,-255.22,1.22,13
46.00,-3.70,-254.23,0.82,8
46.00,-3.60,-255.37,0.61,7
46.00,-3.50,-256.04,0.53,17
46.00,-3.40,-255.78,0.39,6
46.00,-3.30,-253.92,0.81,15
46.00,-3.20,-256.70,0.29,8
46.00,-3.10,-254.77,1.16,21
46.00,-3.00,-258.00,0.97,5
46.00,-2.90,-255.26,0.83,5
46.00,-2.80,-254.43,0.25,8
46.00,-2.70,-253.19,1.50,24
46.00,-2.60,-253.34,1.15,23
46.00,-2.50,-253.63,0.64,6
46.00,-2.40,-253.87,1.36,7
46.00,-2.30,-254.34,0.34,11
46.00,-2.20,-255.30,1.12,12
46.00,-2.10,-256.12,0.75,21
46.00,-2.00,-255.81,1.45,9
46.00,-1.90,-256.28,0.31,10
46.00,-1.80,-254.35,1.23,16
46.00,-1.70,-253.83,0.15,20
46.00,-1.60,-258.08,0.67,19
46.10,-5.00,-255.39,0.25,17
46.10,-4.90,-253.72,1.10,13
46.10,-4.80,-256.66,0.34,16
46.10,-4.70,-253.42,0.67,10
46.10,-4.60,-254.01,0.88,11
46.10,-4.50,-254.04,0.45,5
46.10,-4.40,-257.53,1.03,9
46.10,-4.30,-255.83,0.26,6
46.10,-4.20,-253.22,1.26,20
46.10,-4.10,-253.74,1.31,12
46.10,-4.00,-258.12,0.86,8
46.10,-3.90,-254.77,0.43,6
46.10,-3.80,-257.64,1.09,9
46.10,-3.70,-254.57,1.29,6
46.10,-3.60,-256.35,1.26,23
46.10,-3.50,-255.35,0.69,7
46.10,-3.40,-255.79,0.37,15
46.10,-3.30,-257.52,0.87,10
46.10,-3.20,-254.05,0.69,23
46.10,-3.10,-255.88,0.96,13
46.10,-3.00,-257.87,1.22,19
46.10,-2.90,-257.77,0.65,15
46.10,-2.80,-253.96,1.50,23
46.10,-2.70,-255.53,1.21,24
46.10,-2.60,-257.50,0.40,16
46.10,-2.50,-256.82,0.98,7
46.10,-2.40,-254.26,0.14,10
46.10,-2.30,-256.19,1.21,5
46.10,-2.20,-257.35,0.15,24
46.10,-2.10,-256.02,0.77,14
46.10,-2.00,-258.12,0.16,16
46.10,-1.90,-256.29,1.50,15
46.10,-1.80,-255.68,0.89,14
46.10,-1.70,-257.30,0.67,9
46.10,-1.60,-256.11,0.15,11
46.20,-5.00,-254.05,1.39,5
46.20,-4.90,-254.44,1.44,6
46.20,-4.80,-256.08,0.28,14
46.20,-4.70,-253.83,0.77,13
46.20,-4.60,-256.20,1.06,12
46.20,-4.50,-256.96,0.17,18
46.20,-4.40,-256.13,0.60,19
46.20,-4.30,-257.57,0.95,19
46.20,-4.20,-254.86,0.30,11
46.20,-4.10,-253.61,0.76,10
46.20,-4.00,-256.98,0.73,24
46.20,-3.90,-256.36,0.88,5
46.20,-3.80,-257.35,0.45,7
46.20,-3.70,-257.89,0.69,19
46.20,-3.60,-253.94,0.20,18
46.20,-3.50,-253.27,0.35,20
46.20,-3.40,-255.79,0.84,17
46.20,-3.30,-255.26,0.25,15
46.20,-3.20,-255.37,0.76,21
46.20,-3.10,-257.54,0.24,19
46.20,-3.00,-257.42,0.34,7
46.20,-2.90,-255.36,1.07,12
46.20,-2.80,-255.77,1.13,20
46.20,-2.70,-253.74,0.76,8
46.20,-2.60,-256.52,1.12,7
46.20,-2.50,-253.25,0.74,8
46.20,-2.40,-253.35,1.23,17
46.20,-2.30,-255.10,0.26,5
46.20,-2.20,-255.45,1.49,5
46.20,-2.10,-255.31,1.25,9
46.20,-2.00,-255.10,1.30,8
46.20,-1.90,-256.10,0.44,6
46.20,-1.80,-254.35,1.37,13
46.20,-1.70,-253.73,0.74,8
46.20,-1.60,-256.11,0.66,22
46.30,-5.00,-255.64,1.05,10
46.30,-4.90,-253.20,0.24,23
46.30,-4.80,-255.79,1.12,18
46.30,-4.70,-256.54,0.96,13
46.30,-4.60,-256.50,0.70,16
46.30,-4.50,-253.50,0.69,22
46.30,-4.40,-255.28,1.05,18
46.30,-4.30,-256.10,1.10,20
46.30,-4.20,-254.47,1.22,12
46.30,-4.10,-257.43,1.11,5
46.30,-4.00,-253.32,1.09,19
46.30,-3.90,-257.41,0.93,14
46.30,-3.80,-256.11,0.56,13
46.30,-3.70,-254.15,1.36,21
46.30,-3.60,-254.68,0.26,8
46.30,-3.50,-257.89,0.71,22
46.30,-3.40,-257.97,1.17,20
46.30,-3.30,-254.58,0.91,9
46.30,-3.20,-255.83,1.48,18
46.30,-3.10,-257.69,0.25,9
46.30,-3.00,-254.57,1.02,16
46.30,-2.90,-254.30,0.52,12
46.30,-2.80,-256.31,0.90,15
46.30,-2.70,-257.00,0.28,7
46.30,-2.60,-253.57,0.82,23
46.30,-2.50,-254.60,0.36,9
46.30,-2.40,-257.93,0.35,21
46.30,-2.30,-254.22,1.11,7
46.30,-2.20,-253.85,0.95,6
46.30,-2.10,-255.91,1.30,20
46.30,-2.00,-257.50,0.27,12
46.30,-1.90,-254.24,0.17,19
46.30,-1.80,-257.42,0.92,5
46.30,-1.70,-256.83,1.07,17
46.30,-1.60,-257.10,0.48,16
46.40,-5.00,-256.56,0.74,19
46.40,-4.90,-253.69,0.95,6
46.40,-4.80,-256.25,0.90,19
46.40,-4.70,-257.09,0.30,13
46.40,-4.60,-254.59,1.44,5
46.40,-4.50,-254.65,0.39,19
46.40,-4.40,-257.96,0.63,8
46.40,-4.30,-255.93,0.81,23
46.40,-4.20,-253.79,0.26,16
46.40,-4.10,-255.25,0.60,11
46.40,-4.00,-255.06,0.57,22
46.40,-3.90,-254.61,0.70,18
46.40,-3.80,-255.19,1.03,21
46.40,-3.70,-256.89,0.23,13
46.40,-3.60,-253.92,0.54,16
46.40,-3.50,-254.40,0.83,17
46.40,-3.40,-255.02,1.39,20
46.40,-3.30,-254.75,0.92,17
46.40,-3.20,-255.74,0.66,10
46.40,-3.10,-257.24,0.57,13
46.40,-3.00,-253.71,1.33,24
46.40,-2.90,-256.36,1.02,5
46.40,-2.80,-257.86,0.73,13
46.40,-2.70,-254.20,0.60,14
46.40,-2.60,-254.05,0.34,13
46.40,-2.50,-257.99,0.70,20
46.40,-2.40,-257.41,1.50,13
46.40,-2.30,-257.20,0.51,15
46.40,-2.20,-253.50,1.01,6
46.40,-2.10,-254.12,0.97,12
46.40,-2.00,-255.22,0.90,18
46.40,-1.90,-256.78,1.38,15
46.40,-1.80,-257.27,1.10,23
46.40,-1.70,-258.04,1.41,17
46.40,-1.60,-255.71,1.19,7
46.50,-5.00,-256.45,1.24,15
46.50,-4.90,-256.89,1.29,10
46.50,-4.80,-257.13,0.54,10
46.50,-4.70,-257.99,0.90,10
46.50,-4.60,-254.95,0.17,13
46.50,-4.50,-257.21,0.63,8
46.50,-4.40,-255.69,1.05,5
46.50,-4.30,-256.86,1.08,15
46.50,-4.20,-256.19,1.30,20
46.50,-4.10,-257.69,0.77,8
46.50,-4.00,-254.23,1.49,12
46.50,-3.90,-253.23,0.57,19
46.50,-3.80,-255.22,1.00,13
46.50,-3.70,-255.20,1.14,15
46.50,-3.60,-257.72,0.89,24
46.50,-3.50,-258.02,1.08,20
46.50,-3.40,-253.42,0.21,12
46.50,-3.30,-254.26,0.31,19
46.50,-3.20,-253.61,1.42,9
46.50,-3.10,-257.84,0.25,9
46.50,-3.00,-254.34,0.42,6
46.50,-2.90,-255.31,0.42,23
46.50,-2.80,-253.39,0.89,5
46.50,-2.70,-253.28,0.23,15
46.50,-2.60,-254.28,0.58,9
46.50,-2.50,-258.06,0.97,6
46.50,-2.40,-255.83,0.65,12
46.50,-2.30,-254.94,1.48,18
46.50,-2.20,-254.23,0.67,9
46.50,-2.10,-255.59,1.47,20
46.50,-2.00,-255.39,0.60,24
46.50,-1.90,-256.58,1.22,19
46.50,-1.80,-253.16,1.42,9
46.50,-1.70,-253.66,0.37,14
46.50,-1.60,-257.74,0.26,14
46.60,-5.00,-254.21,1.16,23
46.60,-4.90,-256.46,0.16,19
46.60,-4.80,-254.70,0.22,7
46.60,-4.70,-255.95,0.39,22
46.60,-4.60,-257.59,1.10,21
46.60,-4.50,-254.15,1.39,15
46.60,-4.40,-253.83,0.66,10
46.60,-4.30,-254.21,0.78,20
46.60,-4.20,-256.33,1.19,11
46.60,-4.10,-256.79,1.50,9
46.60,-4.00,-257.68,0.94,19
46.60,-3.90,-255.71,0.32,12
46.60,-3.80,-253.73,1.26,16
46.60,-3.70,-253.56,1.27,11
46.60,-3.60,-258.05,0.80,20
46.60,-3.50,-254.45,0.49,6
46.60,-3.40,-253.83,0.32,23
46.60,-3.30,-256.69,0.86,19
46.60,-3.20,-256.66,0.19,17
46.60,-3.10,-256.74,1.12,19
46.60,-3.00,-257.23,0.33,18
46.60,-2.90,-255.34,1.03,6
46.60,-2.80,-257.87,0.23,5
46.60,-2.70,-253.73,0.39,8
46.60,-2.60,-256.03,0.79,13
46.60,-2.50,-257.97,0.26,9
46.60,-2.40,-257.95,1.13,12
46.60,-2.30,-253.30,1.24,13
46.60,-2.20,-253.17,1.02,5
46.60,-2.10,-257.26,0.88,7
46.60,-2.00,-254.81,0.85,9
46.60,-1.90,-254.29,0.40,15
46.60,-1.80,-254.80,0.30,5
46.60,-1.70,-254.38,0.28,12
46.60,-1.60,-257.30,0.16,17
46.70,-5.00,-256.10,0.92,5
46.70,-4.90,-253.19,1.17,23
46.70,-4.80,-253.99,0.72,18
46.70,-4.70,-257.75,0.44,17
46.70,-4.60,-254.83,1.35,13
46.70,-4.50,-254.46,1.39,7
46.70,-4.40,-255.74,1.28,6
46.70,-4.30,-257.67,1.16,11
46.70,-4.20,-254.13,0.85,20
46.70,-4.10,-257.36,0.39,8
46.70,-4.00,-254.31,0.86,14
46.70,-3.90,-257.95,0.71,9
46.70,-3.80,-257.74,1.03,23
46.70,-3.70,-253.29,1.20,16
46.70,-3.60,-257.53,1.26,10
46.70,-3.50,-257.17,0.75,22
46.70,-3.40,-257.13,0.97,19
46.70,-3.30,-258.15,0.91,21
46.70,-3.20,-253.92,0.92,11
46.70,-3.10,-253.37,0.39,11
46.70,-3.00,-253.19,0.75,16
46.70,-2.90,-257.05,0.71,24
46.70,-2.80,-254.48,1.11,17
46.70,-2.70,-256.53,1.04,16
46.70,-2.60,-257.63,0.35,17
46.70,-2.50,-257.67,0.77,11
46.70,-2.40,-253.99,0.43,12
46.70,-2.30,-255.18,0.97,11
46.70,-2.20,-257.85,0.94,20
46.70,-2.10,-258.05,0.89,15
46.70,-2.00,-254.59,0.27,20
46.70,-1.90,-257.29,0.77,19
46.70,-1.80,-254.05,0.51,20
46.70,-1.70,-253.70,0.21,6
46.70,-1.60,-253.33,0.33,18
46.80,-5.00,-255.37,1.26,20
46.80,-4.90,-253.90,0.39,13
46.80,-4.80,-254.90,1.01,16
46.80,-4.70,-257.03,1.08,15
46.80,-4.60,-255.86,0.13,10
46.80,-4.50,-256.00,0.43,7
46.80,-4.40,-254.05,0.27,18
46.80,-4.30,-256.45,1.21,12
46.80,-4.20,-257.93,0.64,21
46.80,-4.10,-258.04,0.94,10
46.80,-4.00,-256.79,0.63,10
46.80,-3.90,-255.40,1.07,9
46.80,-3.80,-256.01,1.23,10
46.80,-3.70,-254.69,0.76,11
46.80,-3.60,-257.36,0.82,20
46.80,-3.50,-257.54,0.82,18
46.80,-3.40,-253.43,1.15,23
46.80,-3.30,-254.76,1.27,22
46.80,-3.20,-255.81,1.43,7
46.80,-3.10,-258.08,0.39,17
46.80,-3.00,-256.31,0.15,12
46.80,-2.90,-256.75,0.89,11
46.80,-2.80,-253.39,0.32,8
46.80,-2.70,-254.11,0.54,16
46.80,-2.60,-258.12,0.37,19
46.80,-2.50,-257.62,0.56,20
46.80,-2.40,-254.00,0.45,24
46.80,-2.30,-257.72,0.65,14
46.80,-2.20,-257.56,0.30,19
46.80,-2.10,-253.73,0.61,18
46.80,-2.00,-258.11,0.55,11
46.80,-1.90,-257.39,1.04,7
46.80,-1.80,-255.29,1.32,14
46.80,-1.70,-257.71,0.10,22
46.80,-1.60,-256.53,0.91,21
46.90,-5.00,-256.22,1.15,7
46.90,-4.90,-256.16,1.46,11
46.90,-4.80,-255.45,0.43,23
46.90,-4.70,-257.27,0.43,24
46.90,-4.60,-256.77,1.37,8
46.90,-4.50,-255.76,1.21,23
46.90,-4.40,-254.67,1.19,16
46.90,-4.30,-257.75,0.63,15
46.90,-4.20,-253.24,1.13,19
46.90,-4.10,-254.62,1.14,5
46.90,-4.00,-255.22,1.14,12
46.90,-3.90,-253.81,1.25,22
46.90,-3.80,-256.38,0.58,10
46.90,-3.70,-253.61,0.27,18
46.90,-3.60,-253.95,1.27,18
46.90,-3.50,-257.50,0.88,15
46.90,-3.40,-255.06,0.38,16
46.90,-3.30,-253.90,1.10,18
46.90,-3.20,-254.08,1.09,5
46.90,-3.10,-257.88,0.82,20
46.90,-3.00,-255.53,0.43,22
46.90,-2.90,-256.75,0.58,9
46.90,-2.80,-257.90,1.16,17
46.90,-2.70,-256.41,1.22,14
46.90,-2.60,-255.24,1.17,21
46.90,-2.50,-254.69,1.10,20
46.90,-2.40,-255.67,1.38,21
46.90,-2.30,-254.10,0.76,22
46.90,-2.20,-257.88,1.44,8
46.90,-2.10,-255.78,0.97,15
46.90,-2.00,-256.83,0.59,14
46.90,-1.90,-253.33,1.24,8
46.90,-1.80,-253.97,0.13,9
46.90,-1.70,-257.56,1.46,15
46.90,-1.60,-256.44,0.72,18
47.00,-5.00,-254.03,1.39,12
47.00,-4.90,-253.50,0.92,20
47.00,-4.80,-258.08,0.95,24
47.00,-4.70,-256.51,0.84,14
47.00,-4.60,-256.63,0.72,9
47.00,-4.50,-256.61,0.25,16
47.00,-4.40,-253.29,1.21,11
47.00,-4.30,-255.69,0.15,13
47.00,-4.20,-255.45,0.97,10
47.00,-4.10,-254.36,1.00,18
47.00,-4.00,-255.91,0.11,22
47.00,-3.90,-254.20,1.13,16
47.00,-3.80,-258.05,0.67,5
47.00,-3.70,-257.42,0.60,20
47.00,-3.60,-257.88,0.13,22
47.00,-3.50,-255.30,0.17,8
47.00,-3.40,-255.19,0.14,6
47.00,-3.30,-256.16,1.34,20
47.00,-3.20,-255.73,0.99,11
47.00,-3.10,-257.23,0.52,11
47.00,-3.00,-253.97,0.72,16
47.00,-2.90,-255.03,0.41,16
47.00,-2.80,-253.34,1.24,13
47.00,-2.70,-254.65,1.45,9
47.00,-2.60,-254.79,0.89,22
47.00,-2.50,-256.61,0.19,19
47.00,-2.40,-255.12,1.20,24
47.00,-2.30,-255.46,1.03,6
47.00,-2.20,-255.25,0.36,7
47.00,-2.10,-257.27,0.28,20
47.00,-2.00,-255.02,0.46,12
47.00,-1.90,-256.87,1.35,10
47.00,-1.80,-254.76,0.17,20
47.00,-1.70,-253.68,1.30,16
47.00,-1.60,-253.61,0.25,11
47.10,-5.00,-255.20,1.00,8
47.10,-4.90,-253.29,0.16,24
47.10,-4.80,-256.89,1.22,7
47.10,-4.70,-255.96,1.08,23
47.10,-4.60,-258.08,0.81,6
47.10,-4.50,-257.70,1.14,16
47.10,-4.40,-253.17,0.78,16
47.10,-4.30,-253.56,0.30,9
47.10,-4.20,-256.23,1.41,5
47.10,-4.10,-254.20,0.61,15
47.10,-4.00,-255.08,1.15,18
47.10,-3.90,-253.71,1.01,21
47.10,-3.80,-254.04,1.13,7
47.10,-3.70,-254.69,0.51,24
47.10,-3.60,-254.26,0.88,10
47.10,-3.50,-254.52,0.99,11
47.10,-3.40,-254.48,1.00,23
47.10,-3.30,-256.59,0.72,15
47.10,-3.20,-254.37,0.58,17
47.10,-3.10,-253.47,0.17,6
47.10,-3.00,-256.60,0.39,13
47.10,-2.90,-255.04,1.26,11
47.10,-2.80,-253.43,0.26,14
47.10,-2.70,-256.92,0.70,19
47.10,-2.60,-256.30,0.58,9
47.10,-2.50,-257.48,0.69,5
47.10,-2.40,-256.71,0.28,16
47.10,-2.30,-254.82,0.36,13
47.10,-2.20,-253.52,1.32,21
47.10,-2.10,-256.56,0.72,14
47.10,-2.00,-253.55,0.59,9
47.10,-1.90,-257.89,0.52,16
47.10,-1.80,-257.28,1.38,17
47.10,-1.70,-254.15,0.95,23
47.10,-1.60,-257.03,1.29,7
47.20,-5.00,-256.26,0.97,24
47.20,-4.90,-257.57,0.28,12
47.20,-4.80,-255.82,0.55,23
47.20,-4.70,-257.28,1.06,12
47.20,-4.60,-254.94,0.98,21
47.20,-4.50,-257.71,1.27,10
47.20,-4.40,-256.38,0.26,6
47.20,-4.30,-256.31,0.78,24
47.20,-4.20,-257.21,0.43,17
47.20,-4.10,-257.68,0.46,11
47.20,-4.00,-256.84,0.61,13
47.20,-3.90,-257.68,1.45,22
47.20,-3.80,-256.52,0.63,16
47.20,-3.70,-255.07,1.47,18
47.20,-3.60,-258.11,0.55,18
47.20,-3.50,-254.87,0.90,20
47.20,-3.40,-255.10,0.90,6
47.20,-3.30,-256.27,0.90,20
47.20,-3.20,-254.60,0.81,17
47.20,-3.10,-256.07,1.25,7
47.20,-3.00,-255.08,0.78,14
47.20,-2.90,-255.96,1.04,10
47.20,-2.80,-257.78,0.62,20
47.20,-2.70,-253.59,1.37,9
47.20,-2.60,-256.37,0.70,8
47.20,-2.50,-254.86,1.27,7
47.20,-2.40,-255.80,0.91,20
47.20,-2.30,-256.27,1.11,11
47.20,-2.20,-254.49,0.44,6
47.20,-2.10,-255.10,0.55,24
47.20,-2.00,-254.80,0.68,8
47.20,-1.90,-254.51,1.48,23
47.20,-1.80,-253.31,0.81,11
47.20,-1.70,-255.48,1.37,12
47.20,-1.60,-255.37,0.87,17
47.30,-5.00,-254.46,0.31,14
47.30,-4.90,-253.21,0.78,11
47.30,-4.80,-258.08,0.37,9
47.30,-4.70,-253.32,0.95,16
47.30,-4.60,-253.32,0.94,21
47.30,-4.50,-254.62,0.52,14
47.30,-4.40,-254.68,0.13,22
47.30,-4.30,-254.12,0.50,15
47.30,-4.20,-255.18,0.99,5
47.30,-4.10,-254.17,0.30,21
47.30,-4.00,-257.26,1.20,18
47.30,-3.90,-257.88,1.05,17
47.30,-3.80,-254.63,0.38,5
47.30,-3.70,-254.60,0.89,8
47.30,-3.60,-255.70,1.31,10
47.30,-3.50,-256.00,0.82,22
47.30,-3.40,-255.94,1.31,14
47.30,-3.30,-256.98,1.15,18
47.30,-3.20,-257.78,0.46,18
47.30,-3.10,-254.39,0.56,9
47.30,-3.00,-255.30,0.95,14
47.30,-2.90,-257.13,1.01,23
47.30,-2.80,-257.32,1.40,18
47.30,-2.70,-255.01,0.37,20
47.30,-2.60,-255.77,0.99,5
47.30,-2.50,-255.81,0.49,22
47.30,-2.40,-256.02,0.61,17
47.30,-2.30,-256.72,1.25,7
47.30,-2.20,-256.67,1.34,20
47.30,-2.10,-256.99,0.57,20
47.30,-2.00,-257.77,0.41,24
47.30,-1.90,-256.33,0.75,12
47.30,-1.80,-257.57,0.76,5
47.30,-1.70,-254.22,1.41,23
47.30,-1.60,-253.21,0.96,15
47.40,-5.00,-256.12,1.30,15
47.40,-4.90,-254.83,1.39,17
47.40,-4.80,-257.49,1.19,13
47.40,-4.70,-253.52,1.04,9
47.40,-4.60,-255.58,0.40,19
47.40,-4.50,-253.85,1.14,9
47.40,-4.40,-256.77,0.92,6
47.40,-4.30,-257.43,0.26,22
47.40,-4.20,-254.94,1.29,13
47.40,-4.10,-254.25,1.21,12
47.40,-4.00,-256.36,0.78,8
47.40,-3.90,-256.38,0.98,20
47.40,-3.80,-253.76,1.49,22
47.40,-3.70,-255.98,0.23,5
47.40,-3.60,-254.26,1.40,6
47.40,-3.50,-255.59,0.48,6
47.40,-3.40,-253.93,1.23,10
47.40,-3.30,-254.38,1.27,14
47.40,-3.20,-257.92,0.26,7
47.40,-3.10,-255.15,0.35,13
47.40,-3.00,-256.34,1.49,11
47.40,-2.90,-256.15,0.89,17
47.40,-2.80,-257.79,0.47,15
47.40,-2.70,-255.25,0.19,6
47.40,-2.60,-256.70,0.79,22
47.40,-2.50,-254.73,0.44,8
47.40,-2.40,-257.09,0.31,15
47.40,-2.30,-255.06,0.57,15
47.40,-2.20,-256.81,0.67,10
47.40,-2.10,-256.89,0.23,5
47.40,-2.00,-256.88,0.72,21
47.40,-1.90,-254.13,0.66,13
47.40,-1.80,-257.87,1.34,9
47.40,-1.70,-253.28,0.72,5
47.40,-1.60,-255.11,0.86,19
