latitude,longitude,bathymetry_m,temp_surface_c,chlorophylle_mg_m3,eastward_current_m_s,northward_current_m_s,vent_noeuds,wave_height_m,wave_direction_deg,wave_period_s
43.50,-5.00,-238.54,15.89,0.52,,,22,,,
43.50,-4.90,-591.87,18.80,0.20,,,17,,,
43.50,-4.80,-1396.81,15.17,0.55,,,23,,,
43.50,-4.70,-1683.16,17.44,1.24,,,24,,,
43.50,-4.60,-1488.61,18.61,0.78,,,7,,,
43.50,-4.50,-1922.82,15.76,1.18,,,10,,,
43.50,-4.40,-702.80,17.10,1.47,,,5,,,
43.50,-4.30,-1134.10,16.26,1.23,,,22,,,
43.50,-4.20,-1069.37,18.56,1.10,,,14,,,
43.50,-4.10,-659.31,16.92,0.98,,,9,,,
43.50,-4.00,-218.88,15.46,0.68,,,8,,,
43.50,-3.90,-1277.42,19.32,1.19,,,17,,,
43.50,-3.80,-67.46,17.22,1.23,,,10,,,
43.50,-3.70,-420.55,19.15,1.49,,,6,,,
43.50,-3.60,-1228.11,15.85,1.34,,,8,,,
43.50,-3.50,-88.86,18.36,0.11,,,17,,,
43.50,-3.40,-960.40,17.27,0.42,,,13,,,
43.50,-3.30,-928.80,18.43,1.25,,,10,,,
43.50,-3.20,-917.45,19.94,0.91,,,17,,,
43.50,-3.10,-1027.63,18.84,0.63,,,15,,,
43.50,-3.00,-64.66,16.27,1.03,,,11,,,
43.50,-2.90,-1907.80,17.75,0.80,,,24,,,
43.50,-2.80,-1308.88,19.97,0.94,,,14,,,
43.50,-2.70,-1111.24,16.80,1.32,,,13,,,
43.50,-2.60,-1841.24,18.97,1.11,,,7,,,
43.50,-2.50,-1471.67,15.92,0.37,,,23,,,
43.50,-2.40,-1831.29,16.60,0.82,,,7,,,
43.50,-2.30,-1935.79,16.04,1.47,,,10,,,
43.50,-2.20,-1903.19,19.68,0.79,,,19,,,
43.50,-2.10,-1439.29,16.00,1.32,,,19,,,
43.50,-2.00,-379.43,19.17,1.27,,,8,,,
43.50,-1.90,-780.97,19.33,0.88,,,20,,,
43.50,-1.80,-1412.28,16.02,1.08,,,22,,,
43.50,-1.70,-963.00,16.77,1.06,,,11,,,
43.50,-1.60,-793.17,15.77,1.38,,,24,,,
43.60,-5.00,-910.49,15.94,0.47,,,20,,,
43.60,-4.90,-1300.08,17.34,0.85,,,7,,,
43.60,-4.80,-469.53,16.48,0.93,,,15,,,
43.60,-4.70,-1544.73,15.30,1.47,,,21,,,
43.60,-4.60,-1449.79,18.52,0.52,,,17,,,
43.60,-4.50,-653.49,18.86,1.39,,,15,,,
43.60,-4.40,-1042.76,19.76,0.52,,,15,,,
43.60,-4.30,-262.37,18.20,0.50,,,22,,,
43.60,-4.20,-1152.00,15.84,0.58,,,8,,,
43.60,-4.10,-1888.86,16.68,0.86,,,8,,,
43.60,-4.00,-1388.97,16.99,1.20,,,20,,,
43.60,-3.90,-268.35,16.18,0.94,,,5,,,
43.60,-3.80,-727.23,19.13,1.44,,,8,,,
43.60,-3.70,-94.94,16.40,0.53,,,14,,,
43.60,-3.60,-425.75,16.15,0.90,,,20,,,
43.60,-3.50,-811.96,19.73,0.56,,,15,,,
43.60,-3.40,-371.40,19.04,0.68,,,11,,,
43.60,-3.30,-377.76,18.98,1.07,,,13,,,
43.60,-3.20,-1934.91,16.70,1.04,,,19,,,
43.60,-3.10,-1454.75,15.59,1.22,,,19,,,
43.60,-3.00,-1376.86,18.65,1.31,,,12,,,
43.60,-2.90,-1382.34,15.89,0.46,,,23,,,
43.60,-2.80,-849.71,19.39,0.11,,,18,,,
43.60,-2.70,-77.11,19.39,0.84,,,14,,,
43.60,-2.60,-699.28,18.53,0.25,,,5,,,
43.60,-2.50,-1314.77,16.18,0.43,,,21,,,
43.60,-2.40,-75.02,16.64,0.16,,,24,,,
43.60,-2.30,-1232.22,18.53,1.13,,,12,,,
43.60,-2.20,-1256.69,18.40,1.33,,,18,,,
43.60,-2.10,-1950.40,16.11,1.21,,,24,,,
43.60,-2.00,-1447.16,17.53,0.93,,,6,,,
43.60,-1.90,-294.23,15.68,1.32,,,9,,,
43.60,-1.80,-557.00,17.25,1.31,,,16,,,
43.60,-1.70,-1438.30,15.09,0.37,,,22,,,
43.60,-1.60,-1825.54,16.75,1.09,,,22,,,
43.70,-5.00,-95.49,17.68,1.42,,,14,,,
43.70,-4.90,-1832.55,17.50,0.92,,,18,,,
43.70,-4.80,-1886.17,16.99,1.32,,,19,,,
43.70,-4.70,-684.29,16.99,0.25,,,14,,,
43.70,-4.60,-258.55,18.19,1.25,,,11,,,
43.70,-4.50,-1070.86,17.22,0.10,,,11,,,
43.70,-4.40,-1479.50,19.83,0.77,,,6,,,
43.70,-4.30,-380.73,15.83,0.34,,,21,,,
43.70,-4.20,-837.81,19.35,0.79,,,24,,,
43.70,-4.10,-492.82,17.06,1.36,,,7,,,
43.70,-4.00,-1102.71,15.63,0.66,,,19,,,
43.70,-3.90,-1256.07,16.00,0.57,,,19,,,
43.70,-3.80,-1423.77,15.81,1.45,,,23,,,
43.70,-3.70,-1437.69,17.99,1.23,,,15,,,
43.70,-3.60,-863.86,15.17,0.98,,,11,,,
43.70,-3.50,-964.02,18.92,0.73,,,11,,,
43.70,-3.40,-1248.09,17.54,0.24,,,22,,,
43.70,-3.30,-1392.53,16.73,0.77,,,9,,,
43.70,-3.20,-775.19,16.88,1.47,,,19,,,
43.70,-3.10,-1892.72,17.00,0.51,,,24,,,
43.70,-3.00,-1867.04,17.00,0.37,,,16,,,
43.70,-2.90,-1845.35,18.64,0.63,,,7,,,
43.70,-2.80,-1300.83,16.44,1.06,,,18,,,
43.70,-2.70,-1480.90,19.30,0.53,,,10,,,
43.70,-2.60,-209.63,16.61,1.03,,,8,,,
43.70,-2.50,-585.31,19.94,1.41,,,19,,,
43.70,-2.40,-179.16,19.66,1.06,,,10,,,
43.70,-2.30,-1617.30,19.88,0.50,,,8,,,
43.70,-2.20,-1358.49,16.36,1.38,,,23,,,
43.70,-2.10,-1555.03,15.51,0.93,,,11,,,
43.70,-2.00,-1782.03,15.06,0.72,,,13,,,
43.70,-1.90,-1246.14,16.71,1.36,,,12,,,
43.70,-1.80,-1440.45,15.51,0.74,,,11,,,
43.70,-1.70,-298.75,18.84,0.20,,,6,,,
43.70,-1.60,-1605.45,18.17,0.51,,,14,,,
43.80,-5.00,-558.76,18.36,0.18,,,13,,,
43.80,-4.90,-1909.49,16.87,0.64,,,18,,,
43.80,-4.80,-1707.70,17.85,1.33,,,23,,,
43.80,-4.70,-1333.70,16.03,0.28,,,11,,,
43.80,-4.60,-1509.75,16.36,0.95,,,13,,,
43.80,-4.50,-861.72,16.92,0.34,,,10,,,
43.80,-4.40,-721.01,15.01,0.51,,,8,,,
43.80,-4.30,-650.21,16.07,0.42,,,7,,,
43.80,-4.20,-504.85,18.96,1.01,,,17,,,
43.80,-4.10,-75.75,19.07,0.61,,,10,,,
43.80,-4.00,-807.89,17.38,1.10,,,24,,,
43.80,-3.90,-674.24,15.51,0.25,,,12,,,
43.80,-3.80,-906.95,17.23,1.00,,,13,,,
43.80,-3.70,-1312.39,15.15,0.83,,,18,,,
43.80,-3.60,-1426.60,15.69,0.68,,,20,,,
43.80,-3.50,-1511.84,17.93,0.80,,,11,,,
43.80,-3.40,-1776.40,17.69,0.70,,,23,,,
43.80,-3.30,-199.00,16.11,1.11,,,14,,,
43.80,-3.20,-586.84,16.48,0.34,,,16,,,
43.80,-3.10,-1962.10,16.39,0.17,,,16,,,
43.80,-3.00,-1230.73,18.20,1.04,,,23,,,
43.80,-2.90,-634.56,19.52,0.18,,,10,,,
43.80,-2.80,-1643.71,17.67,1.42,,,19,,,
43.80,-2.70,-720.34,19.70,0.49,,,12,,,
43.80,-2.60,-976.72,17.28,0.90,,,21,,,
43.80,-2.50,-1715.99,19.46,0.67,,,5,,,
43.80,-2.40,-782.34,18.92,0.71,,,19,,,
43.80,-2.30,-1815.30,18.63,0.12,,,13,,,
43.80,-2.20,-1132.65,18.52,1.37,,,9,,,
43.80,-2.10,-1770.68,16.40,1.36,,,19,,,
43.80,-2.00,-1374.41,17.84,0.48,,,22,,,
43.80,-1.90,-1646.17,15.80,0.16,,,21,,,
43.80,-1.80,-803.41,15.97,1.25,,,18,,,
43.80,-1.70,-672.44,15.98,1.45,,,21,,,
43.80,-1.60,-122.48,16.00,0.86,,,11,,,
43.90,-5.00,-190.94,18.43,0.97,,,6,,,
43.90,-4.90,-990.71,17.70,0.60,,,21,,,
43.90,-4.80,-185.72,18.43,1.10,,,16,,,
43.90,-4.70,-770.48,16.92,0.20,,,5,,,
43.90,-4.60,-1063.22,15.77,0.97,,,11,,,
43.90,-4.50,-1771.35,16.35,0.15,,,19,,,
43.90,-4.40,-1981.99,17.09,1.45,,,20,,,
43.90,-4.30,-662.44,16.66,1.36,,,10,,,
43.90,-4.20,-129.78,15.42,1.22,,,17,,,
43.90,-4.10,-1829.65,15.77,0.62,,,21,,,
43.90,-4.00,-1484.27,18.74,1.21,,,8,,,
43.90,-3.90,-1094.87,16.53,0.67,,,19,,,
43.90,-3.80,-106.28,18.09,0.32,,,18,,,
43.90,-3.70,-1263.19,15.53,0.77,,,15,,,
43.90,-3.60,-353.58,15.39,0.21,,,18,,,
43.90,-3.50,-292.25,17.22,0.16,,,19,,,
43.90,-3.40,-577.19,15.27,1.09,,,23,,,
43.90,-3.30,-1362.91,15.39,0.59,,,21,,,
43.90,-3.20,-180.60,16.22,0.32,,,20,,,
43.90,-3.10,-921.36,16.73,0.79,,,8,,,
43.90,-3.00,-1209.63,19.32,0.58,,,20,,,
43.90,-2.90,-21.18,16.51,0.44,,,7,,,
43.90,-2.80,-638.69,16.40,0.76,,,18,,,
43.90,-2.70,-1789.62,15.17,0.37,,,24,,,
43.90,-2.60,-600.74,17.69,0.97,,,17,,,
43.90,-2.50,-1220.11,16.11,1.41,,,17,,,
43.90,-2.40,-1707.36,19.54,0.48,,,24,,,
43.90,-2.30,-291.77,19.95,1.29,,,11,,,
43.90,-2.20,-816.34,18.30,0.26,,,11,,,
43.90,-2.10,-532.79,16.15,0.36,,,7,,,
43.90,-2.00,-1788.19,17.93,0.75,,,24,,,
43.90,-1.90,-909.03,15.75,0.53,,,10,,,
43.90,-1.80,-54.04,17.21,0.66,,,22,,,
43.90,-1.70,-941.48,15.81,1.20,,,24,,,
43.90,-1.60,-1738.01,18.36,0.78,,,13,,,
44.00,-5.00,-269.47,18.14,0.66,,,19,,,
44.00,-4.90,-340.08,19.23,0.36,,,10,,,
44.00,-4.80,-879.06,18.90,0.90,,,10,,,
44.00,-4.70,-1122.05,17.27,0.98,,,10,,,
44.00,-4.60,-1070.03,18.73,0.61,,,11,,,
44.00,-4.50,-521.90,19.49,0.56,,,23,,,
44.00,-4.40,-1361.19,16.43,0.70,,,22,,,
44.00,-4.30,-1889.12,18.71,0.35,,,11,,,
44.00,-4.20,-771.63,15.97,0.55,,,10,,,
44.00,-4.10,-1518.92,16.21,1.43,,,21,,,
44.00,-4.00,-263.36,19.01,0.79,,,9,,,
44.00,-3.90,-1728.46,17.87,1.16,,,17,,,
44.00,-3.80,-1471.66,16.18,0.11,,,11,,,
44.00,-3.70,-1812.65,16.20,1.12,,,14,,,
44.00,-3.60,-1056.35,15.66,0.65,,,14,,,
44.00,-3.50,-926.66,15.43,0.83,,,12,,,
44.00,-3.40,-1961.26,17.83,0.45,,,14,,,
44.00,-3.30,-1149.88,16.49,1.45,,,21,,,
44.00,-3.20,-293.67,16.24,0.95,,,16,,,
44.00,-3.10,-1043.63,18.29,0.87,,,20,,,
44.00,-3.00,-783.49,18.84,0.95,,,6,,,
44.00,-2.90,-1656.63,19.13,0.22,,,17,,,
44.00,-2.80,-657.30,18.13,0.86,,,16,,,
44.00,-2.70,-1602.99,17.07,0.52,,,8,,,
44.00,-2.60,-1459.36,17.83,0.30,,,24,,,
44.00,-2.50,-1755.01,19.51,0.94,,,23,,,
44.00,-2.40,-167.54,15.12,1.10,,,12,,,
44.00,-2.30,-731.13,15.18,1.31,,,14,,,
44.00,-2.20,-1972.84,19.67,0.62,,,6,,,
44.00,-2.10,-1282.23,15.35,1.27,,,13,,,
44.00,-2.00,-1180.16,16.12,0.97,,,16,,,
44.00,-1.90,-1247.78,18.62,0.87,,,9,,,
44.00,-1.80,-1625.04,19.49,1.08,,,11,,,
44.00,-1.70,-1697.58,19.90,0.60,,,24,,,
44.00,-1.60,-1640.69,15.28,0.40,,,6,,,
44.10,-5.00,-693.43,18.68,0.30,,,5,,,
44.10,-4.90,-1583.21,19.57,0.89,,,22,,,
44.10,-4.80,-1488.71,16.74,0.16,,,20,,,
44.10,-4.70,-879.77,18.55,0.65,,,8,,,
44.10,-4.60,-1505.12,16.82,1.10,,,19,,,
44.10,-4.50,-734.38,16.10,1.30,,,6,,,
44.10,-4.40,-607.47,16.31,0.92,,,14,,,
44.10,-4.30,-90.37,16.05,1.14,,,19,,,
44.10,-4.20,-106.55,16.34,0.99,,,21,,,
44.10,-4.10,-1851.08,15.49,0.89,,,23,,,
44.10,-4.00,-1321.20,15.18,1.41,,,5,,,
44.10,-3.90,-468.99,16.52,1.35,,,18,,,
44.10,-3.80,-1394.09,17.74,0.48,,,15,,,
44.10,-3.70,-657.74,16.76,1.20,,,22,,,
44.10,-3.60,-1648.60,17.53,0.24,,,21,,,
44.10,-3.50,-1324.94,16.58,0.47,,,13,,,
44.10,-3.40,-809.14,15.79,0.15,,,5,,,
44.10,-3.30,-1970.76,18.34,0.93,,,21,,,
44.10,-3.20,-327.96,17.86,0.94,,,9,,,
44.10,-3.10,-910.83,19.98,0.33,,,9,,,
44.10,-3.00,-498.52,17.14,0.26,,,8,,,
44.10,-2.90,-1852.03,15.46,0.67,,,5,,,
44.10,-2.80,-695.58,15.68,0.46,,,12,,,
44.10,-2.70,-1350.13,19.84,0.59,,,14,,,
44.10,-2.60,-717.75,19.38,1.39,,,5,,,
44.10,-2.50,-1675.25,17.15,1.27,,,10,,,
44.10,-2.40,-471.86,19.94,0.57,,,19,,,
44.10,-2.30,-1338.77,16.00,1.26,,,24,,,
44.10,-2.20,-568.47,17.64,0.58,,,5,,,
44.10,-2.10,-461.89,16.35,1.03,,,22,,,
44.10,-2.00,-969.89,17.30,0.62,,,18,,,
44.10,-1.90,-1866.94,17.23,0.10,,,21,,,
44.10,-1.80,-134.38,18.53,0.36,,,7,,,
44.10,-1.70,-1052.44,17.29,1.07,,,5,,,
44.10,-1.60,-1534.24,16.90,1.25,,,13,,,
44.20,-5.00,-148.87,19.80,0.49,,,9,,,
44.20,-4.90,-1470.25,17.61,0.59,,,14,,,
44.20,-4.80,-960.00,17.43,0.23,,,24,,,
44.20,-4.70,-1397.73,18.59,0.66,,,10,,,
44.20,-4.60,-1619.87,19.82,0.21,,,12,,,
44.20,-4.50,-1635.33,16.36,0.99,,,16,,,
44.20,-4.40,-1308.13,15.64,0.38,,,18,,,
44.20,-4.30,-492.48,16.92,0.28,,,8,,,
44.20,-4.20,-1606.13,15.33,0.24,,,14,,,
44.20,-4.10,-1339.51,15.25,1.06,,,13,,,
44.20,-4.00,-1627.55,15.09,0.73,,,15,,,
44.20,-3.90,-757.24,19.51,0.66,,,22,,,
44.20,-3.80,-832.05,15.44,0.64,,,10,,,
44.20,-3.70,-1146.33,19.05,1.14,,,10,,,
44.20,-3.60,-121.21,18.04,0.72,,,6,,,
44.20,-3.50,-932.20,19.46,0.11,,,23,,,
44.20,-3.40,-379.19,18.32,0.65,,,11,,,
44.20,-3.30,-1016.86,15.22,0.92,,,14,,,
44.20,-3.20,-1377.51,16.70,0.83,,,13,,,
44.20,-3.10,-1914.23,16.03,1.07,,,23,,,
44.20,-3.00,-182.61,15.98,1.06,,,22,,,
44.20,-2.90,-1810.22,18.77,1.29,,,9,,,
44.20,-2.80,-374.78,15.58,0.24,,,22,,,
44.20,-2.70,-1194.00,16.72,0.61,,,22,,,
44.20,-2.60,-276.16,17.60,0.83,,,12,,,
44.20,-2.50,-1193.40,16.71,0.66,,,24,,,
44.20,-2.40,-1864.02,19.13,1.10,,,5,,,
44.20,-2.30,-556.64,19.38,0.73,,,17,,,
44.20,-2.20,-1217.55,16.75,0.26,,,22,,,
44.20,-2.10,-821.73,18.90,0.19,,,6,,,
44.20,-2.00,-1041.49,17.28,0.50,,,21,,,
44.20,-1.90,-1777.16,19.64,0.45,,,13,,,
44.20,-1.80,-1243.24,16.31,1.49,,,16,,,
44.20,-1.70,-1202.70,17.43,1.37,,,14,,,
44.20,-1.60,-33.67,18.17,1.43,,,20,,,
44.30,-5.00,-1034.11,15.99,1.45,,,5,,,
44.30,-4.90,-988.22,18.70,0.83,,,17,,,
44.30,-4.80,-1420.91,17.18,0.50,,,19,,,
44.30,-4.70,-1724.22,15.39,0.95,,,9,,,
44.30,-4.60,-622.41,18.11,0.92,,,11,,,
44.30,-4.50,-1949.89,17.64,1.31,,,12,,,
44.30,-4.40,-109.20,18.19,1.07,,,22,,,
44.30,-4.30,-183.55,16.46,1.30,,,23,,,
44.30,-4.20,-1425.39,15.50,0.33,,,13,,,
44.30,-4.10,-696.62,15.28,0.31,,,13,,,
44.30,-4.00,-1459.29,16.31,0.62,,,16,,,
44.30,-3.90,-471.84,15.03,0.70,,,22,,,
44.30,-3.80,-568.41,19.28,1.26,,,11,,,
44.30,-3.70,-1963.48,19.13,1.21,,,14,,,
44.30,-3.60,-1644.43,15.73,0.34,,,20,,,
44.30,-3.50,-1243.08,18.05,0.93,,,15,,,
44.30,-3.40,-14.74,15.31,1.40,,,5,,,
44.30,-3.30,-1417.86,16.14,0.82,,,10,,,
44.30,-3.20,-1942.37,19.38,0.77,,,19,,,
44.30,-3.10,-831.66,15.49,0.23,,,24,,,
44.30,-3.00,-1076.33,19.10,1.07,,,21,,,
44.30,-2.90,-1070.71,15.85,1.29,,,23,,,
44.30,-2.80,-883.02,16.65,0.30,,,9,,,
44.30,-2.70,-1295.82,16.49,0.31,,,15,,,
44.30,-2.60,-76.38,15.43,0.79,,,7,,,
44.30,-2.50,-359.42,16.58,0.14,,,18,,,
44.30,-2.40,-893.45,16.48,0.27,,,16,,,
44.30,-2.30,-481.22,15.30,0.68,,,19,,,
44.30,-2.20,-1176.09,19.82,0.85,,,11,,,
44.30,-2.10,-474.32,15.31,1.37,,,10,,,
44.30,-2.00,-213.56,16.72,0.58,,,7,,,
44.30,-1.90,-1416.68,16.14,0.80,,,20,,,
44.30,-1.80,-44.25,19.57,1.36,,,6,,,
44.30,-1.70,-1539.44,15.01,0.55,,,22,,,
44.30,-1.60,-1947.83,15.33,1.38,,,9,,,
44.40,-5.00,-350.94,17.23,0.20,,,14,,,
44.40,-4.90,-1679.04,18.33,0.39,,,22,,,
44.40,-4.80,-330.67,16.71,1.48,,,8,,,
44.40,-4.70,-706.71,18.63,0.84,,,20,,,
44.40,-4.60,-293.79,15.90,0.87,,,14,,,
44.40,-4.50,-1532.34,16.04,0.41,,,8,,,
44.40,-4.40,-736.92,18.61,0.60,,,19,,,
44.40,-4.30,-1733.64,17.18,1.13,,,16,,,
44.40,-4.20,-898.44,15.73,1.14,,,22,,,
44.40,-4.10,-672.05,17.34,1.21,,,9,,,
44.40,-4.00,-395.31,15.49,0.95,,,20,,,
44.40,-3.90,-1393.69,16.49,1.08,,,18,,,
44.40,-3.80,-47.57,15.32,1.24,,,19,,,
44.40,-3.70,-559.28,15.33,0.78,,,7,,,
44.40,-3.60,-720.60,18.08,0.29,,,14,,,
44.40,-3.50,-658.23,16.84,0.89,,,8,,,
44.40,-3.40,-69.85,17.53,1.45,,,19,,,
44.40,-3.30,-516.90,16.60,0.13,,,20,,,
44.40,-3.20,-90.76,18.55,0.58,,,8,,,
44.40,-3.10,-1963.53,15.38,1.23,,,11,,,
44.40,-3.00,-551.62,16.43,1.39,,,14,,,
44.40,-2.90,-1571.09,18.91,0.73,,,17,,,
44.40,-2.80,-34.75,15.56,0.34,,,7,,,
44.40,-2.70,-156.11,17.14,0.39,,,7,,,
44.40,-2.60,-1397.47,15.13,0.77,,,8,,,
44.40,-2.50,-750.66,19.36,0.56,,,17,,,
44.40,-2.40,-1104.96,18.54,0.33,,,18,,,
44.40,-2.30,-1568.01,17.43,0.36,,,16,,,
44.40,-2.20,-504.78,15.46,0.83,,,12,,,
44.40,-2.10,-1430.56,17.97,0.69,,,5,,,
44.40,-2.00,-295.47,17.05,0.37,,,13,,,
44.40,-1.90,-326.44,15.10,0.20,,,12,,,
44.40,-1.80,-1032.30,16.17,0.78,,,21,,,
44.40,-1.70,-1145.24,17.45,1.12,,,20,,,
44.40,-1.60,-1681.86,17.57,0.14,,,22,,,
44.50,-5.00,-437.43,16.35,0.35,,,13,,,
44.50,-4.90,-1046.89,15.32,0.85,,,9,,,
44.50,-4.80,-102.52,19.61,0.73,,,19,,,
44.50,-4.70,-1079.27,15.87,0.43,,,8,,,
44.50,-4.60,-1987.14,19.27,0.17,,,20,,,
44.50,-4.50,-1914.68,16.38,0.67,,,6,,,
44.50,-4.40,-642.44,17.14,1.16,,,21,,,
44.50,-4.30,-1502.66,16.39,1.34,,,18,,,
44.50,-4.20,-1488.33,15.85,0.82,,,7,,,
44.50,-4.10,-1825.83,15.20,0.22,,,14,,,
44.50,-4.00,-174.79,17.70,1.35,,,11,,,
44.50,-3.90,-1284.12,16.32,0.48,,,5,,,
44.50,-3.80,-1532.14,19.80,0.42,,,13,,,
44.50,-3.70,-937.31,16.21,0.61,,,23,,,
44.50,-3.60,-1598.52,18.78,0.54,,,6,,,
44.50,-3.50,-252.58,16.66,0.16,,,17,,,
44.50,-3.40,-1659.66,17.12,1.48,,,5,,,
44.50,-3.30,-422.29,19.56,0.50,,,6,,,
44.50,-3.20,-489.56,18.69,0.70,,,16,,,
44.50,-3.10,-792.28,19.84,0.59,,,17,,,
44.50,-3.00,-1917.76,15.67,0.34,,,20,,,
44.50,-2.90,-522.93,18.63,0.51,,,9,,,
44.50,-2.80,-315.78,16.13,1.40,,,11,,,
44.50,-2.70,-1491.39,19.23,0.55,,,24,,,
44.50,-2.60,-885.78,17.01,1.38,,,22,,,
44.50,-2.50,-921.00,16.04,1.13,,,14,,,
44.50,-2.40,-223.97,18.06,1.03,,,8,,,
44.50,-2.30,-1782.69,17.97,1.16,,,13,,,
44.50,-2.20,-977.98,16.10,1.41,,,23,,,
44.50,-2.10,-337.83,15.88,1.32,,,12,,,
44.50,-2.00,-385.90,16.36,0.37,,,8,,,
44.50,-1.90,-933.49,19.70,0.58,,,17,,,
44.50,-1.80,-467.61,15.52,0.65,,,15,,,
44.50,-1.70,-867.68,17.43,1.03,,,16,,,
44.50,-1.60,-1217.73,17.90,0.33,,,21,,,
44.60,-5.00,-413.50,18.02,1.47,,,18,,,
44.60,-4.90,-994.18,15.14,0.24,,,19,,,
44.60,-4.80,-1746.68,19.75,0.37,,,16,,,
44.60,-4.70,-1040.36,18.74,1.04,,,20,,,
44.60,-4.60,-1425.04,16.18,0.89,,,24,,,
44.60,-4.50,-217.73,15.31,0.29,,,24,,,
44.60,-4.40,-797.63,16.55,1.21,,,6,,,
44.60,-4.30,-1575.51,17.11,0.42,,,21,,,
44.60,-4.20,-1661.34,18.33,0.49,,,8,,,
44.60,-4.10,-262.86,15.51,0.43,,,16,,,
44.60,-4.00,-851.86,16.64,0.44,,,8,,,
44.60,-3.90,-664.80,17.01,1.29,,,7,,,
44.60,-3.80,-963.93,15.92,0.77,,,20,,,
44.60,-3.70,-1951.23,19.88,0.26,,,5,,,
44.60,-3.60,-618.68,17.54,0.97,,,9,,,
44.60,-3.50,-900.14,18.96,0.85,,,14,,,
44.60,-3.40,-873.54,19.70,0.53,,,9,,,
44.60,-3.30,-1261.01,19.27,0.74,,,17,,,
44.60,-3.20,-1562.87,17.79,1.20,,,5,,,
44.60,-3.10,-1960.13,18.38,0.14,,,8,,,
44.60,-3.00,-1589.14,15.25,0.38,,,12,,,
44.60,-2.90,-769.54,19.27,0.57,,,19,,,
44.60,-2.80,-1333.70,15.87,0.76,,,23,,,
44.60,-2.70,-1478.83,19.95,0.16,,,22,,,
44.60,-2.60,-1996.55,18.83,0.50,,,14,,,
44.60,-2.50,-1534.59,19.81,1.08,,,20,,,
44.60,-2.40,-979.95,18.16,1.33,,,11,,,
44.60,-2.30,-294.68,15.35,1.28,,,16,,,
44.60,-2.20,-1323.31,15.03,0.12,,,9,,,
44.60,-2.10,-1770.79,15.29,1.17,,,15,,,
44.60,-2.00,-495.35,15.43,1.17,,,20,,,
44.60,-1.90,-1886.90,15.19,0.26,,,20,,,
44.60,-1.80,-15.38,17.17,0.88,,,14,,,
44.60,-1.70,-1944.31,17.15,1.01,,,8,,,
44.60,-1.60,-251.84,17.61,1.21,,,10,,,
44.70,-5.00,-1030.84,17.93,0.64,,,12,,,
44.70,-4.90,-1072.58,15.52,0.16,,,5,,,
44.70,-4.80,-700.15,19.40,1.19,,,15,,,
44.70,-4.70,-1952.92,19.41,0.94,,,12,,,
44.70,-4.60,-1932.77,17.29,0.64,,,18,,,
44.70,-4.50,-1089.91,18.91,1.22,,,14,,,
44.70,-4.40,-210.80,19.74,1.22,,,13,,,
44.70,-4.30,-1161.71,15.70,0.14,,,21,,,
44.70,-4.20,-1465.45,16.20,1.47,,,12,,,
44.70,-4.10,-1703.78,19.01,1.41,,,17,,,
44.70,-4.00,-1988.24,16.92,1.28,,,10,,,
44.70,-3.90,-657.23,15.83,1.44,,,20,,,
44.70,-3.80,-1116.78,15.92,0.80,,,14,,,
44.70,-3.70,-1559.20,16.04,0.62,,,15,,,
44.70,-3.60,-459.17,18.00,1.34,,,13,,,
44.70,-3.50,-767.70,16.25,0.13,,,23,,,
44.70,-3.40,-1788.70,18.15,0.64,,,16,,,
44.70,-3.30,-809.20,18.18,0.41,,,7,,,
44.70,-3.20,-635.63,16.49,0.90,,,22,,,
44.70,-3.10,-1467.66,18.57,1.43,,,17,,,
44.70,-3.00,-1873.53,15.81,0.32,,,14,,,
44.70,-2.90,-615.25,19.89,0.99,,,16,,,
44.70,-2.80,-1666.97,19.56,1.47,,,17,,,
44.70,-2.70,-1444.82,19.96,0.99,,,17,,,
44.70,-2.60,-1537.41,18.68,1.09,,,18,,,
44.70,-2.50,-825.78,18.90,0.24,,,6,,,
44.70,-2.40,-1731.88,15.09,1.04,,,21,,,
44.70,-2.30,-659.19,18.63,0.78,,,12,,,
44.70,-2.20,-1231.27,17.90,0.53,,,7,,,
44.70,-2.10,-1102.99,19.17,0.67,,,14,,,
44.70,-2.00,-1563.24,18.50,0.67,,,21,,,
44.70,-1.90,-820.69,18.43,0.31,,,14,,,
44.70,-1.80,-351.29,18.50,0.46,,,12,,,
44.70,-1.70,-551.14,17.91,0.91,,,23,,,
44.70,-1.60,-1197.02,16.83,0.48,,,10,,,
44.80,-5.00,-1161.97,18.64,0.17,,,16,,,
44.80,-4.90,-435.11,19.77,0.15,,,18,,,
44.80,-4.80,-764.24,19.87,0.73,,,13,,,
44.80,-4.70,-1123.96,19.96,1.47,,,24,,,
44.80,-4.60,-995.93,16.43,0.79,,,15,,,
44.80,-4.50,-1532.46,15.69,1.10,,,16,,,
44.80,-4.40,-334.52,15.17,1.24,,,8,,,
44.80,-4.30,-1852.17,19.61,0.62,,,15,,,
44.80,-4.20,-337.74,16.52,0.77,,,10,,,
44.80,-4.10,-1274.25,17.24,0.93,,,7,,,
44.80,-4.00,-1097.93,16.75,1.29,,,15,,,
44.80,-3.90,-494.11,18.22,0.51,,,15,,,
44.80,-3.80,-184.79,18.46,0.35,,,15,,,
44.80,-3.70,-1613.82,17.85,1.39,,,20,,,
44.80,-3.60,-747.02,15.40,0.14,,,18,,,
44.80,-3.50,-1978.72,17.88,1.01,,,17,,,
44.80,-3.40,-409.42,18.90,1.31,,,21,,,
44.80,-3.30,-379.34,16.86,0.44,,,8,,,
44.80,-3.20,-460.45,15.46,0.89,,,18,,,
44.80,-3.10,-269.07,19.73,0.35,,,15,,,
44.80,-3.00,-1098.50,18.97,1.17,,,6,,,
44.80,-2.90,-1955.76,19.30,0.82,,,7,,,
44.80,-2.80,-547.61,18.74,1.14,,,6,,,
44.80,-2.70,-203.42,17.90,0.44,,,23,,,
44.80,-2.60,-1020.66,17.46,1.08,,,15,,,
44.80,-2.50,-836.32,18.15,1.02,,,5,,,
44.80,-2.40,-1840.38,15.01,0.79,,,8,,,
44.80,-2.30,-1272.88,17.09,1.14,,,7,,,
44.80,-2.20,-1811.85,17.24,0.97,,,23,,,
44.80,-2.10,-1721.17,17.99,1.19,,,7,,,
44.80,-2.00,-206.68,18.10,0.55,,,13,,,
44.80,-1.90,-1253.98,18.51,1.12,,,16,,,
44.80,-1.80,-788.97,19.00,0.33,,,18,,,
44.80,-1.70,-1452.43,18.23,0.57,,,20,,,
44.80,-1.60,-980.33,16.62,0.16,,,18,,,
44.90,-5.00,-659.68,18.55,1.14,,,16,,,
44.90,-4.90,-1637.20,17.38,1.33,,,17,,,
44.90,-4.80,-1904.26,17.94,0.84,,,13,,,
44.90,-4.70,-772.25,16.07,1.35,,,9,,,
44.90,-4.60,-1355.11,17.72,0.61,,,7,,,
44.90,-4.50,-596.91,17.66,0.15,,,15,,,
44.90,-4.40,-223.95,18.76,0.73,,,13,,,
44.90,-4.30,-1279.83,16.73,0.84,,,9,,,
44.90,-4.20,-923.15,16.50,0.63,,,19,,,
44.90,-4.10,-868.31,19.48,1.10,,,23,,,
44.90,-4.00,-1514.84,17.73,0.81,,,6,,,
44.90,-3.90,-734.95,17.88,1.41,,,22,,,
44.90,-3.80,-881.76,17.30,0.82,,,7,,,
44.90,-3.70,-1308.30,17.73,1.15,,,8,,,
44.90,-3.60,-634.85,18.50,0.69,,,8,,,
44.90,-3.50,-412.81,18.60,1.05,,,16,,,
44.90,-3.40,-1152.45,19.17,1.34,,,10,,,
44.90,-3.30,-1351.79,17.72,0.89,,,21,,,
44.90,-3.20,-1443.84,17.65,0.31,,,12,,,
44.90,-3.10,-1920.22,19.66,0.37,,,17,,,
44.90,-3.00,-1301.64,15.50,0.62,,,13,,,
44.90,-2.90,-34.20,15.16,0.59,,,22,,,
44.90,-2.80,-282.07,18.53,1.27,,,7,,,
44.90,-2.70,-1370.83,17.91,0.75,,,9,,,
44.90,-2.60,-825.73,15.10,0.30,,,9,,,
44.90,-2.50,-1819.72,18.02,0.39,,,19,,,
44.90,-2.40,-132.35,18.31,1.07,,,7,,,
44.90,-2.30,-528.08,16.41,1.28,,,13,,,
44.90,-2.20,-1094.48,19.32,1.44,,,13,,,
44.90,-2.10,-1039.02,17.01,1.14,,,12,,,
44.90,-2.00,-688.51,18.64,0.15,,,20,,,
44.90,-1.90,-1760.81,16.18,0.41,,,5,,,
44.90,-1.80,-266.35,19.83,0.89,,,21,,,
44.90,-1.70,-1850.45,18.21,0.21,,,19,,,
44.90,-1.60,-1802.35,16.86,0.26,,,20,,,
45.00,-5.00,-1710.16,16.35,0.39,,,14,,,
45.00,-4.90,-28.60,16.93,0.34,,,10,,,
45.00,-4.80,-1648.06,17.19,0.23,,,16,,,
45.00,-4.70,-1134.95,18.32,1.32,,,10,,,
45.00,-4.60,-514.61,15.02,0.32,,,18,,,
45.00,-4.50,-1275.67,18.03,0.30,,,13,,,
45.00,-4.40,-407.68,15.95,0.97,,,17,,,
45.00,-4.30,-1426.52,17.50,0.49,,,13,,,
45.00,-4.20,-954.44,15.60,1.18,,,5,,,
45.00,-4.10,-684.70,16.12,0.94,,,24,,,
45.00,-4.00,-745.75,18.66,1.24,,,9,,,
45.00,-3.90,-1136.28,19.61,0.49,,,9,,,
45.00,-3.80,-1218.62,15.26,0.25,,,6,,,
45.00,-3.70,-1499.27,16.43,0.57,,,17,,,
45.00,-3.60,-1721.76,18.64,0.55,,,14,,,
45.00,-3.50,-191.18,18.59,0.61,,,18,,,
45.00,-3.40,-519.08,15.46,0.24,,,21,,,
45.00,-3.30,-964.16,15.19,1.30,,,7,,,
45.00,-3.20,-779.15,17.30,0.88,,,13,,,
45.00,-3.10,-1178.21,15.03,1.23,,,20,,,
45.00,-3.00,-375.10,16.58,0.59,,,13,,,
45.00,-2.90,-489.80,17.09,1.21,,,19,,,
45.00,-2.80,-778.89,19.91,0.52,,,20,,,
45.00,-2.70,-77.83,18.76,0.13,,,23,,,
45.00,-2.60,-1476.31,18.38,1.12,,,24,,,
45.00,-2.50,-1188.38,18.78,1.33,,,18,,,
45.00,-2.40,-1858.64,18.71,1.34,,,11,,,
45.00,-2.30,-1574.20,18.24,1.13,,,22,,,
45.00,-2.20,-1891.17,19.78,0.81,,,22,,,
45.00,-2.10,-1370.76,18.21,1.33,,,20,,,
45.00,-2.00,-1810.99,15.52,1.01,,,11,,,
45.00,-1.90,-1909.60,17.48,0.40,,,23,,,
45.00,-1.80,-273.47,15.26,1.01,,,21,,,
45.00,-1.70,-1486.53,18.72,0.71,,,24,,,
45.00,-1.60,-1469.19,15.85,1.29,,,20,,,
45.10,-5.00,-599.07,16.00,0.67,,,24,,,
45.10,-4.90,-870.65,17.76,0.49,,,12,,,
45.10,-4.80,-1541.60,16.55,0.78,,,24,,,
45.10,-4.70,-359.49,15.22,0.98,,,10,,,
45.10,-4.60,-1145.29,15.81,0.36,,,12,,,
45.10,-4.50,-401.11,18.75,0.23,,,9,,,
45.10,-4.40,-1782.42,16.99,0.40,,,23,,,
45.10,-4.30,-688.12,16.70,1.38,,,14,,,
45.10,-4.20,-1929.96,18.55,0.28,,,14,,,
45.10,-4.10,-905.18,18.55,1.42,,,12,,,
45.10,-4.00,-133.80,18.69,0.48,,,19,,,
45.10,-3.90,-1322.38,16.37,0.55,,,23,,,
45.10,-3.80,-1477.89,18.36,0.69,,,15,,,
45.10,-3.70,-1365.04,17.22,1.47,,,15,,,
45.10,-3.60,-170.02,17.68,1.29,,,19,,,
45.10,-3.50,-1459.50,17.65,1.37,,,6,,,
45.10,-3.40,-1506.20,18.73,1.25,,,14,,,
45.10,-3.30,-599.83,16.37,0.30,,,9,,,
45.10,-3.20,-512.66,16.48,0.62,,,9,,,
45.10,-3.10,-225.92,19.80,0.49,,,9,,,
45.10,-3.00,-1918.52,16.09,0.51,,,22,,,
45.10,-2.90,-658.20,15.43,0.28,,,23,,,
45.10,-2.80,-1715.29,18.88,1.35,,,13,,,
45.10,-2.70,-876.42,17.35,1.41,,,13,,,
45.10,-2.60,-793.90,19.53,0.82,,,19,,,
45.10,-2.50,-46.17,17.66,1.15,,,15,,,
45.10,-2.40,-1401.95,16.50,1.11,,,8,,,
45.10,-2.30,-1429.25,17.92,0.78,,,15,,,
45.10,-2.20,-1752.29,18.45,0.99,,,7,,,
45.10,-2.10,-1962.64,17.26,1.40,,,15,,,
45.10,-2.00,-518.28,18.33,0.75,,,11,,,
45.10,-1.90,-471.91,16.22,1.07,,,11,,,
45.10,-1.80,-1251.80,19.37,1.20,,,5,,,
45.10,-1.70,-1705.25,18.50,0.26,,,22,,,
45.10,-1.60,-1509.26,15.02,1.11,,,5,,,
45.20,-5.00,-1426.30,18.86,0.70,,,18,,,
45.20,-4.90,-1010.48,18.99,1.40,,,15,,,
45.20,-4.80,-1072.32,20.00,1.49,,,7,,,
45.20,-4.70,-52.53,16.49,0.81,,,8,,,
45.20,-4.60,-1836.09,15.53,0.15,,,24,,,
45.20,-4.50,-1063.77,19.44,0.52,,,22,,,
45.20,-4.40,-887.68,17.25,0.86,,,19,,,
45.20,-4.30,-602.50,15.26,1.00,,,15,,,
45.20,-4.20,-214.51,15.41,0.55,,,5,,,
45.20,-4.10,-287.50,18.17,1.29,,,16,,,
45.20,-4.00,-163.16,18.87,1.43,,,18,,,
45.20,-3.90,-1392.41,18.82,0.73,,,7,,,
45.20,-3.80,-830.79,16.44,0.33,,,18,,,
45.20,-3.70,-1676.06,15.92,0.39,,,17,,,
45.20,-3.60,-1187.74,15.34,0.25,,,21,,,
45.20,-3.50,-28.68,19.20,0.88,,,11,,,
45.20,-3.40,-28.51,18.50,1.12,,,24,,,
45.20,-3.30,-1991.73,19.01,1.01,,,7,,,
45.20,-3.20,-1935.10,15.42,0.91,,,13,,,
45.20,-3.10,-1511.95,17.88,1.34,,,6,,,
45.20,-3.00,-253.35,15.31,0.14,,,19,,,
45.20,-2.90,-337.85,18.24,0.29,,,13,,,
45.20,-2.80,-1251.02,15.62,0.37,,,16,,,
45.20,-2.70,-260.18,16.57,0.57,,,5,,,
45.20,-2.60,-1289.29,17.64,0.58,,,24,,,
45.20,-2.50,-1692.30,19.30,0.30,,,18,,,
45.20,-2.40,-469.29,18.01,1.19,,,20,,,
45.20,-2.30,-1759.26,19.71,1.12,,,19,,,
45.20,-2.20,-823.05,16.10,0.11,,,22,,,
45.20,-2.10,-238.70,17.59,0.18,,,17,,,
45.20,-2.00,-1844.27,18.52,1.38,,,5,,,
45.20,-1.90,-65.54,19.59,0.77,,,9,,,
45.20,-1.80,-1149.94,15.47,0.96,,,12,,,
45.20,-1.70,-580.27,19.60,1.36,,,9,,,
45.20,-1.60,-1787.71,18.84,1.15,,,21,,,
45.30,-5.00,-1373.28,18.25,1.14,,,15,,,
45.30,-4.90,-699.02,15.30,0.91,,,21,,,
45.30,-4.80,-448.82,18.48,0.67,,,20,,,
45.30,-4.70,-508.61,18.16,1.15,,,23,,,
45.30,-4.60,-1046.64,17.02,0.85,,,7,,,
45.30,-4.50,-1648.20,16.22,0.47,,,16,,,
45.30,-4.40,-1135.94,18.97,0.40,,,9,,,
45.30,-4.30,-298.23,19.96,1.33,,,20,,,
45.30,-4.20,-444.47,17.31,1.33,,,17,,,
45.30,-4.10,-1939.99,17.15,0.27,,,8,,,
45.30,-4.00,-1282.13,18.31,0.46,,,22,,,
45.30,-3.90,-1185.83,16.28,1.18,,,9,,,
45.30,-3.80,-278.50,17.42,1.18,,,16,,,
45.30,-3.70,-1211.70,18.27,0.87,,,8,,,
45.30,-3.60,-321.39,17.45,1.35,,,24,,,
45.30,-3.50,-347.79,18.49,0.37,,,12,,,
45.30,-3.40,-1416.57,16.15,0.14,,,22,,,
45.30,-3.30,-1737.84,19.63,0.97,,,12,,,
45.30,-3.20,-45.38,15.37,0.51,,,23,,,
45.30,-3.10,-472.92,15.98,0.12,,,8,,,
45.30,-3.00,-1704.46,17.96,1.14,,,12,,,
45.30,-2.90,-855.78,18.06,1.43,,,18,,,
45.30,-2.80,-588.26,17.44,0.99,,,6,,,
45.30,-2.70,-200.03,16.15,1.30,,,21,,,
45.30,-2.60,-897.52,18.12,0.20,,,16,,,
45.30,-2.50,-1281.06,17.95,0.75,,,22,,,
45.30,-2.40,-367.92,18.62,0.39,,,21,,,
45.30,-2.30,-952.37,17.08,0.57,,,15,,,
45.30,-2.20,-1960.74,19.63,0.74,,,19,,,
45.30,-2.10,-1824.52,17.33,0.44,,,17,,,
45.30,-2.00,-455.59,19.41,0.95,,,8,,,
45.30,-1.90,-1283.98,15.15,0.23,,,19,,,
45.30,-1.80,-342.66,19.63,0.29,,,8,,,
45.30,-1.70,-1097.92,17.80,0.79,,,18,,,
45.30,-1.60,-299.52,17.71,0.47,,,9,,,
45.40,-5.00,-1665.61,19.84,0.27,,,16,,,
45.40,-4.90,-1695.57,16.45,0.43,,,21,,,
45.40,-4.80,-921.64,16.10,1.03,,,17,,,
45.40,-4.70,-1070.72,19.67,1.11,,,5,,,
45.40,-4.60,-1647.71,19.82,1.26,,,13,,,
45.40,-4.50,-892.28,18.42,0.65,,,18,,,
45.40,-4.40,-1603.34,17.23,0.63,,,23,,,
45.40,-4.30,-353.79,16.55,0.93,,,16,,,
45.40,-4.20,-1073.02,19.54,0.10,,,19,,,
45.40,-4.10,-1210.93,19.63,0.52,,,8,,,
45.40,-4.00,-1285.16,17.45,0.63,,,14,,,
45.40,-3.90,-166.81,16.74,0.75,,,7,,,
45.40,-3.80,-1601.05,19.08,0.64,,,7,,,
45.40,-3.70,-1103.34,15.22,0.71,,,11,,,
45.40,-3.60,-1123.05,17.51,1.15,,,22,,,
45.40,-3.50,-1828.34,15.41,0.23,,,13,,,
45.40,-3.40,-952.63,18.73,1.26,,,10,,,
45.40,-3.30,-922.50,18.23,0.97,,,13,,,
45.40,-3.20,-542.90,18.02,0.47,,,9,,,
45.40,-3.10,-1413.92,19.36,0.91,,,14,,,
45.40,-3.00,-887.83,15.71,1.25,,,20,,,
45.40,-2.90,-1604.33,19.06,0.26,,,17,,,
45.40,-2.80,-1454.99,19.58,0.16,,,6,,,
45.40,-2.70,-919.71,16.89,0.80,,,22,,,
45.40,-2.60,-203.31,15.48,0.77,,,17,,,
45.40,-2.50,-1162.64,17.25,0.22,,,5,,,
45.40,-2.40,-641.02,18.46,1.43,,,13,,,
45.40,-2.30,-1578.25,19.47,0.50,,,19,,,
45.40,-2.20,-242.76,17.38,1.17,,,21,,,
45.40,-2.10,-132.49,18.35,0.60,,,21,,,
45.40,-2.00,-1869.78,18.76,0.33,,,21,,,
45.40,-1.90,-1312.76,16.84,0.18,,,24,,,
45.40,-1.80,-1677.47,19.39,0.93,,,11,,,
45.40,-1.70,-411.99,19.25,0.19,,,17,,,
45.40,-1.60,-1048.65,15.25,1.36,,,21,,,
45.50,-5.00,-784.86,17.63,1.42,,,16,,,
45.50,-4.90,-1902.67,18.45,0.17,,,15,,,
45.50,-4.80,-1045.47,19.85,0.56,,,11,,,
45.50,-4.70,-981.20,19.71,0.18,,,6,,,
45.50,-4.60,-579.96,17.72,0.35,,,8,,,
45.50,-4.50,-843.16,18.00,0.82,,,23,,,
45.50,-4.40,-427.97,16.44,0.92,,,6,,,
45.50,-4.30,-1405.85,15.79,0.79,,,18,,,
45.50,-4.20,-32.43,18.07,0.28,,,21,,,
45.50,-4.10,-756.02,19.56,1.05,,,24,,,
45.50,-4.00,-430.24,16.75,0.63,,,11,,,
45.50,-3.90,-379.64,19.26,0.71,,,18,,,
45.50,-3.80,-1586.48,16.22,0.91,,,5,,,
45.50,-3.70,-457.65,16.30,1.22,,,16,,,
45.50,-3.60,-245.49,18.39,0.22,,,17,,,
45.50,-3.50,-1566.98,17.59,0.81,,,13,,,
45.50,-3.40,-712.40,18.59,0.42,,,14,,,
45.50,-3.30,-1629.12,18.93,0.77,,,11,,,
45.50,-3.20,-1891.53,15.99,0.92,,,10,,,
45.50,-3.10,-1343.58,19.59,1.47,,,20,,,
45.50,-3.00,-363.02,15.55,0.61,,,19,,,
45.50,-2.90,-447.49,18.34,0.86,,,9,,,
45.50,-2.80,-1567.36,17.62,0.15,,,10,,,
45.50,-2.70,-648.05,19.25,0.39,,,7,,,
45.50,-2.60,-476.32,17.73,0.99,,,7,,,
45.50,-2.50,-1882.06,18.05,0.44,,,7,,,
45.50,-2.40,-1701.95,15.50,1.38,,,21,,,
45.50,-2.30,-710.35,15.50,1.13,,,10,,,
45.50,-2.20,-615.12,18.72,1.43,,,20,,,
45.50,-2.10,-45.11,15.31,1.27,,,14,,,
45.50,-2.00,-146.82,18.02,0.87,,,12,,,
45.50,-1.90,-335.05,16.22,1.31,,,5,,,
45.50,-1.80,-804.21,16.15,0.18,,,10,,,
45.50,-1.70,-1493.77,16.72,0.25,,,10,,,
45.50,-1.60,-956.69,17.21,0.18,,,16,,,
45.60,-5.00,-71.88,19.45,1.37,,,5,,,
45.60,-4.90,-1913.49,16.33,1.36,,,20,,,
45.60,-4.80,-105.31,19.04,0.71,,,14,,,
45.60,-4.70,-1166.18,19.51,1.38,,,23,,,
45.60,-4.60,-196.79,16.91,0.91,,,5,,,
45.60,-4.50,-1472.50,17.76,0.96,,,24,,,
45.60,-4.40,-973.50,17.15,0.59,,,23,,,
45.60,-4.30,-616.77,18.08,0.66,,,5,,,
45.60,-4.20,-592.16,18.33,0.11,,,6,,,
45.60,-4.10,-1381.17,17.55,0.28,,,17,,,
45.60,-4.00,-389.08,18.28,0.58,,,5,,,
45.60,-3.90,-831.38,16.05,0.27,,,13,,,
45.60,-3.80,-908.32,15.31,0.90,,,24,,,
45.60,-3.70,-180.46,17.03,0.72,,,21,,,
45.60,-3.60,-1524.05,15.76,0.44,,,16,,,
45.60,-3.50,-1225.30,16.99,0.36,,,23,,,
45.60,-3.40,-1875.72,16.59,1.43,,,15,,,
45.60,-3.30,-413.39,19.39,0.98,,,23,,,
45.60,-3.20,-628.05,18.11,0.90,,,13,,,
45.60,-3.10,-1192.80,15.62,0.26,,,6,,,
45.60,-3.00,-60.48,16.79,0.76,,,6,,,
45.60,-2.90,-1815.46,15.36,0.48,,,10,,,
45.60,-2.80,-364.80,17.26,0.82,,,6,,,
45.60,-2.70,-702.58,16.17,1.43,,,17,,,
45.60,-2.60,-623.04,19.33,1.34,,,5,,,
45.60,-2.50,-1306.41,15.38,0.59,,,9,,,
45.60,-2.40,-760.70,18.03,0.47,,,14,,,
45.60,-2.30,-1246.54,19.49,0.46,,,17,,,
45.60,-2.20,-1067.36,15.86,0.64,,,17,,,
45.60,-2.10,-1340.80,19.71,0.44,,,17,,,
45.60,-2.00,-1112.37,17.71,0.82,,,16,,,
45.60,-1.90,-430.79,15.68,0.57,,,8,,,
45.60,-1.80,-1837.93,16.87,0.84,,,14,,,
45.60,-1.70,-1522.64,18.35,0.80,,,22,,,
45.60,-1.60,-1067.73,19.98,1.40,,,8,,,
45.70,-5.00,-127.20,19.92,1.46,,,14,,,
45.70,-4.90,-735.09,17.24,0.26,,,9,,,
45.70,-4.80,-116.58,18.17,1.43,,,8,,,
45.70,-4.70,-1711.29,17.49,1.01,,,9,,,
45.70,-4.60,-600.21,16.09,0.50,,,13,,,
45.70,-4.50,-1617.28,16.96,1.23,,,19,,,
45.70,-4.40,-1510.91,18.74,0.72,,,10,,,
45.70,-4.30,-1716.35,15.34,0.87,,,8,,,
45.70,-4.20,-1266.58,19.31,0.17,,,21,,,
45.70,-4.10,-1956.39,15.09,0.89,,,10,,,
45.70,-4.00,-687.54,16.63,1.21,,,18,,,
45.70,-3.90,-830.75,16.06,1.25,,,5,,,
45.70,-3.80,-676.06,18.19,0.28,,,10,,,
45.70,-3.70,-25.56,19.58,0.35,,,22,,,
45.70,-3.60,-1630.44,16.06,0.56,,,9,,,
45.70,-3.50,-1309.98,18.94,0.39,,,15,,,
45.70,-3.40,-579.97,15.43,0.43,,,18,,,
45.70,-3.30,-916.67,15.33,0.20,,,13,,,
45.70,-3.20,-1521.60,18.95,0.96,,,24,,,
45.70,-3.10,-1159.28,17.18,1.31,,,18,,,
45.70,-3.00,-1711.09,19.67,1.02,,,13,,,
45.70,-2.90,-639.71,19.87,0.82,,,11,,,
45.70,-2.80,-30.55,19.75,0.52,,,13,,,
45.70,-2.70,-1484.87,17.79,0.90,,,20,,,
45.70,-2.60,-668.43,18.39,0.67,,,12,,,
45.70,-2.50,-1457.77,15.56,0.74,,,11,,,
45.70,-2.40,-996.00,18.11,1.17,,,10,,,
45.70,-2.30,-810.15,15.05,0.47,,,5,,,
45.70,-2.20,-200.12,16.59,0.59,,,20,,,
45.70,-2.10,-143.20,19.46,0.90,,,11,,,
45.70,-2.00,-853.03,16.39,0.53,,,22,,,
45.70,-1.90,-1074.77,16.70,0.25,,,7,,,
45.70,-1.80,-1983.68,17.27,1.01,,,13,,,
45.70,-1.70,-424.11,16.09,0.23,,,20,,,
45.70,-1.60,-857.69,16.21,1.45,,,12,,,
45.80,-5.00,-174.57,16.42,1.22,,,9,,,
45.80,-4.90,-725.35,18.84,0.30,,,21,,,
45.80,-4.80,-1003.38,17.27,0.80,,,5,,,
45.80,-4.70,-217.81,15.69,1.01,,,7,,,
45.80,-4.60,-1716.54,17.99,1.45,,,13,,,
45.80,-4.50,-1957.11,18.42,1.29,,,13,,,
45.80,-4.40,-1835.24,17.10,1.04,,,23,,,
45.80,-4.30,-631.00,17.06,0.95,,,13,,,
45.80,-4.20,-870.33,19.87,0.86,,,11,,,
45.80,-4.10,-580.78,19.79,0.61,,,10,,,
45.80,-4.00,-1566.67,16.35,1.23,,,15,,,
45.80,-3.90,-1854.13,16.91,1.20,,,17,,,
45.80,-3.80,-1393.61,18.76,1.43,,,12,,,
45.80,-3.70,-121.90,18.90,1.07,,,17,,,
45.80,-3.60,-1884.22,19.10,1.50,,,14,,,
45.80,-3.50,-1318.96,17.90,0.49,,,23,,,
45.80,-3.40,-781.60,18.87,1.17,,,15,,,
45.80,-3.30,-1379.66,19.67,0.22,,,23,,,
45.80,-3.20,-990.43,16.41,0.53,,,8,,,
45.80,-3.10,-1524.05,15.82,0.51,,,16,,,
45.80,-3.00,-259.18,15.97,0.30,,,13,,,
45.80,-2.90,-914.59,17.41,0.49,,,20,,,
45.80,-2.80,-1570.30,17.66,0.29,,,24,,,
45.80,-2.70,-1756.61,17.60,0.63,,,13,,,
45.80,-2.60,-145.95,17.51,0.64,,,10,,,
45.80,-2.50,-15.32,15.65,0.81,,,18,,,
45.80,-2.40,-261.93,19.13,0.98,,,19,,,
45.80,-2.30,-1396.78,16.29,0.58,,,21,,,
45.80,-2.20,-1918.52,17.54,1.41,,,9,,,
45.80,-2.10,-468.14,17.91,0.44,,,22,,,
45.80,-2.00,-79.34,16.10,0.73,,,17,,,
45.80,-1.90,-520.60,19.94,0.13,,,20,,,
45.80,-1.80,-537.24,18.96,0.15,,,5,,,
45.80,-1.70,-515.21,17.31,1.47,,,24,,,
45.80,-1.60,-1462.33,16.60,0.99,,,10,,,
45.90,-5.00,-1952.40,16.26,0.71,,,23,,,
45.90,-4.90,-313.19,16.37,0.73,,,24,,,
45.90,-4.80,-165.47,15.34,1.37,,,7,,,
45.90,-4.70,-1528.50,18.20,0.88,,,20,,,
45.90,-4.60,-380.42,18.84,1.17,,,14,,,
45.90,-4.50,-896.42,16.89,0.51,,,13,,,
45.90,-4.40,-998.78,15.64,0.35,,,23,,,
45.90,-4.30,-1726.94,16.26,0.78,,,19,,,
45.90,-4.20,-69.53,19.40,0.90,,,16,,,
45.90,-4.10,-432.08,19.27,1.34,,,6,,,
45.90,-4.00,-629.46,19.50,1.43,,,23,,,
45.90,-3.90,-934.84,16.06,0.60,,,10,,,
45.90,-3.80,-1111.83,19.73,1.01,,,24,,,
45.90,-3.70,-253.71,16.46,0.79,,,10,,,
45.90,-3.60,-573.14,16.39,1.09,,,21,,,
45.90,-3.50,-1351.03,17.85,0.12,,,16,,,
45.90,-3.40,-13.56,18.23,0.94,,,9,,,
45.90,-3.30,-1972.31,18.57,0.58,,,18,,,
45.90,-3.20,-550.29,17.86,1.35,,,11,,,
45.90,-3.10,-1300.84,16.18,1.35,,,24,,,
45.90,-3.00,-1345.07,19.00,0.50,,,20,,,
45.90,-2.90,-467.31,17.15,1.05,,,14,,,
45.90,-2.80,-458.36,19.27,0.81,,,15,,,
45.90,-2.70,-1050.55,15.41,1.27,,,15,,,
45.90,-2.60,-939.44,15.80,1.18,,,23,,,
45.90,-2.50,-937.83,15.59,0.60,,,7,,,
45.90,-2.40,-677.96,17.96,0.43,,,6,,,
45.90,-2.30,-1237.53,19.06,0.63,,,21,,,
45.90,-2.20,-256.93,19.57,0.64,,,9,,,
45.90,-2.10,-943.33,18.27,1.35,,,22,,,
45.90,-2.00,-452.07,19.34,0.82,,,20,,,
45.90,-1.90,-848.72,17.29,1.47,,,5,,,
45.90,-1.80,-1774.24,17.32,1.21,,,9,,,
45.90,-1.70,-531.15,17.75,0.22,,,22,,,
45.90,-1.60,-449.64,18.48,0.43,,,12,,,
46.00,-5.00,-1110.87,17.45,1.35,,,13,,,
46.00,-4.90,-897.46,15.90,0.26,,,9,,,
46.00,-4.80,-960.26,19.34,1.04,,,20,,,
46.00,-4.70,-824.90,18.57,0.64,,,16,,,
46.00,-4.60,-754.61,15.22,0.69,,,19,,,
46.00,-4.50,-1402.52,15.36,0.97,,,9,,,
46.00,-4.40,-297.55,16.21,1.01,,,12,,,
46.00,-4.30,-212.42,18.29,1.13,,,22,,,
46.00,-4.20,-1854.58,17.07,0.15,,,21,,,
46.00,-4.10,-72.84,15.06,0.17,,,11,,,
46.00,-4.00,-1472.51,16.59,0.11,,,12,,,
46.00,-3.90,-1871.79,17.35,1.12,,,20,,,
46.00,-3.80,-1359.64,16.10,0.56,,,8,,,
46.00,-3.70,-660.63,17.80,1.15,,,5,,,
46.00,-3.60,-852.86,18.33,0.22,,,20,,,
46.00,-3.50,-1223.14,15.44,0.36,,,13,,,
46.00,-3.40,-69.35,16.64,1.29,,,5,,,
46.00,-3.30,-19.70,19.02,0.85,,,13,,,
46.00,-3.20,-1721.23,18.50,0.52,,,24,,,
46.00,-3.10,-833.88,18.57,0.17,,,19,,,
46.00,-3.00,-1570.71,18.16,0.27,,,11,,,
46.00,-2.90,-352.18,15.28,0.13,,,11,,,
46.00,-2.80,-1357.74,17.92,1.01,,,19,,,
46.00,-2.70,-1584.38,16.99,1.22,,,10,,,
46.00,-2.60,-1419.18,19.50,0.55,,,19,,,
46.00,-2.50,-255.51,17.26,1.33,,,19,,,
46.00,-2.40,-1327.67,18.63,1.09,,,24,,,
46.00,-2.30,-363.88,18.21,0.62,,,24,,,
46.00,-2.20,-1065.07,17.53,1.35,,,21,,,
46.00,-2.10,-1113.00,19.23,1.43,,,7,,,
46.00,-2.00,-1198.56,18.10,1.12,,,19,,,
46.00,-1.90,-1258.01,15.83,0.66,,,5,,,
46.00,-1.80,-84.34,18.11,1.12,,,11,,,
46.00,-1.70,-1533.36,15.73,0.11,,,7,,,
46.00,-1.60,-57.16,15.16,0.73,,,14,,,
46.10,-5.00,-1657.57,19.04,1.03,,,6,,,
46.10,-4.90,-1657.86,18.75,0.30,,,10,,,
46.10,-4.80,-595.95,16.85,0.17,,,21,,,
46.10,-4.70,-1175.22,17.33,0.13,,,8,,,
46.10,-4.60,-532.33,19.80,0.67,,,16,,,
46.10,-4.50,-404.23,16.01,0.63,,,22,,,
46.10,-4.40,-1097.90,16.21,1.02,,,20,,,
46.10,-4.30,-1117.86,17.04,1.27,,,19,,,
46.10,-4.20,-1549.74,15.51,0.20,,,21,,,
46.10,-4.10,-54.60,15.44,1.08,,,11,,,
46.10,-4.00,-829.12,17.10,0.53,,,19,,,
46.10,-3.90,-486.57,15.79,1.36,,,20,,,
46.10,-3.80,-983.26,17.00,0.42,,,8,,,
46.10,-3.70,-1981.32,15.99,1.22,,,19,,,
46.10,-3.60,-1411.07,18.99,0.13,,,13,,,
46.10,-3.50,-693.72,15.87,0.37,,,23,,,
46.10,-3.40,-1656.71,16.84,0.47,,,9,,,
46.10,-3.30,-1664.50,16.74,0.97,,,5,,,
46.10,-3.20,-365.06,16.86,0.94,,,8,,,
46.10,-3.10,-1478.64,17.75,0.66,,,5,,,
46.10,-3.00,-1345.70,19.70,0.85,,,20,,,
46.10,-2.90,-319.49,18.24,0.85,,,17,,,
46.10,-2.80,-1127.70,17.66,0.60,,,6,,,
46.10,-2.70,-923.15,18.01,0.96,,,24,,,
46.10,-2.60,-1215.94,16.48,0.33,,,7,,,
46.10,-2.50,-1645.00,16.21,1.13,,,24,,,
46.10,-2.40,-103.48,16.55,1.28,,,7,,,
46.10,-2.30,-1098.83,15.47,0.37,,,12,,,
46.10,-2.20,-592.28,15.33,0.29,,,8,,,
46.10,-2.10,-129.05,17.09,1.21,,,23,,,
46.10,-2.00,-774.10,16.05,1.41,,,15,,,
46.10,-1.90,-1185.90,15.72,1.43,,,23,,,
46.10,-1.80,-1411.15,18.22,0.18,,,5,,,
46.10,-1.70,-775.48,15.95,1.45,,,23,,,
46.10,-1.60,-1491.84,16.08,0.53,,,13,,,
46.20,-5.00,-900.96,15.36,0.24,,,6,,,
46.20,-4.90,-312.80,16.02,0.65,,,6,,,
46.20,-4.80,-390.19,17.09,0.17,,,9,,,
46.20,-4.70,-1807.58,16.30,1.39,,,24,,,
46.20,-4.60,-747.38,16.64,1.26,,,16,,,
46.20,-4.50,-1593.82,19.66,0.89,,,7,,,
46.20,-4.40,-1315.47,18.15,0.81,,,18,,,
46.20,-4.30,-200.16,18.70,0.74,,,8,,,
46.20,-4.20,-1973.69,16.66,1.25,,,5,,,
46.20,-4.10,-513.97,15.61,0.45,,,17,,,
46.20,-4.00,-1704.66,17.15,0.87,,,22,,,
46.20,-3.90,-247.56,16.95,0.50,,,15,,,
46.20,-3.80,-1025.94,16.72,1.20,,,19,,,
46.20,-3.70,-1099.54,19.91,1.15,,,19,,,
46.20,-3.60,-520.77,15.34,1.04,,,18,,,
46.20,-3.50,-1385.41,16.41,1.30,,,15,,,
46.20,-3.40,-148.22,15.55,0.17,,,20,,,
46.20,-3.30,-1052.52,17.67,1.28,,,18,,,
46.20,-3.20,-728.84,17.88,0.62,,,20,,,
46.20,-3.10,-1111.85,15.08,1.44,,,17,,,
46.20,-3.00,-1998.58,15.39,1.11,,,6,,,
46.20,-2.90,-687.15,15.76,1.47,,,15,,,
46.20,-2.80,-1078.26,18.17,1.21,,,17,,,
46.20,-2.70,-1762.93,17.63,0.22,,,22,,,
46.20,-2.60,-1928.97,16.64,0.43,,,10,,,
46.20,-2.50,-1585.63,15.72,1.20,,,14,,,
46.20,-2.40,-1329.62,18.65,1.49,,,20,,,
46.20,-2.30,-757.90,19.08,0.69,,,21,,,
46.20,-2.20,-925.09,19.34,0.81,,,9,,,
46.20,-2.10,-608.62,15.43,0.82,,,5,,,
46.20,-2.00,-852.91,19.76,0.18,,,12,,,
46.20,-1.90,-1877.09,16.19,0.94,,,8,,,
46.20,-1.80,-31.80,15.72,1.30,,,10,,,
46.20,-1.70,-1318.62,16.98,0.95,,,20,,,
46.20,-1.60,-786.20,18.07,0.56,,,7,,,
46.30,-5.00,-84.47,19.98,0.95,,,8,,,
46.30,-4.90,-1638.34,15.68,1.28,,,17,,,
46.30,-4.80,-215.06,19.61,1.15,,,12,,,
46.30,-4.70,-1815.04,15.91,0.26,,,18,,,
46.30,-4.60,-1062.01,15.99,0.72,,,18,,,
46.30,-4.50,-369.93,18.91,0.86,,,9,,,
46.30,-4.40,-994.18,16.69,0.14,,,21,,,
46.30,-4.30,-560.84,19.94,1.36,,,12,,,
46.30,-4.20,-1469.15,16.77,0.22,,,12,,,
46.30,-4.10,-1982.98,17.03,1.05,,,7,,,
46.30,-4.00,-1878.46,16.87,0.99,,,6,,,
46.30,-3.90,-321.82,18.72,1.30,,,10,,,
46.30,-3.80,-93.83,17.24,0.24,,,22,,,
46.30,-3.70,-1362.11,16.64,0.81,,,6,,,
46.30,-3.60,-1553.33,18.45,0.31,,,20,,,
46.30,-3.50,-231.71,18.29,1.00,,,21,,,
46.30,-3.40,-516.56,15.55,1.35,,,18,,,
46.30,-3.30,-1545.64,17.66,0.44,,,16,,,
46.30,-3.20,-1536.32,19.89,1.07,,,13,,,
46.30,-3.10,-696.04,18.55,1.48,,,8,,,
46.30,-3.00,-1011.09,18.56,0.15,,,17,,,
46.30,-2.90,-1824.46,17.96,1.40,,,11,,,
46.30,-2.80,-1161.25,17.65,1.07,,,21,,,
46.30,-2.70,-125.75,16.39,0.16,,,16,,,
46.30,-2.60,-1524.74,16.65,0.46,,,7,,,
46.30,-2.50,-758.24,18.68,0.15,,,11,,,
46.30,-2.40,-1700.11,18.81,1.47,,,8,,,
46.30,-2.30,-77.16,17.57,0.51,,,12,,,
46.30,-2.20,-1630.84,16.59,1.08,,,16,,,
46.30,-2.10,-1167.67,15.19,1.13,,,23,,,
46.30,-2.00,-1827.09,18.66,0.33,,,8,,,
46.30,-1.90,-310.63,18.09,1.16,,,24,,,
46.30,-1.80,-1050.59,19.36,0.69,,,20,,,
46.30,-1.70,-215.33,17.31,0.86,,,22,,,
46.30,-1.60,-209.17,19.52,1.19,,,17,,,
46.40,-5.00,-341.22,15.66,1.27,,,12,,,
46.40,-4.90,-1083.65,16.82,1.18,,,20,,,
46.40,-4.80,-1924.39,17.90,0.47,,,22,,,
46.40,-4.70,-57.12,16.75,1.46,,,21,,,
46.40,-4.60,-795.08,17.53,0.29,,,24,,,
46.40,-4.50,-1396.65,19.28,0.70,,,10,,,
46.40,-4.40,-1941.17,18.47,0.91,,,10,,,
46.40,-4.30,-1086.06,19.44,0.52,,,13,,,
46.40,-4.20,-256.55,18.50,0.44,,,8,,,
46.40,-4.10,-556.25,16.63,1.34,,,12,,,
46.40,-4.00,-1184.05,18.32,0.59,,,9,,,
46.40,-3.90,-1197.39,17.11,0.16,,,23,,,
46.40,-3.80,-1312.40,18.43,0.39,,,18,,,
46.40,-3.70,-569.90,19.29,0.70,,,7,,,
46.40,-3.60,-165.44,15.93,1.37,,,15,,,
46.40,-3.50,-746.28,15.77,0.27,,,15,,,
46.40,-3.40,-1798.64,16.68,1.42,,,12,,,
46.40,-3.30,-185.99,17.82,0.74,,,22,,,
46.40,-3.20,-740.29,19.92,0.21,,,18,,,
46.40,-3.10,-1430.21,15.28,0.64,,,7,,,
46.40,-3.00,-1057.72,19.44,0.12,,,7,,,
46.40,-2.90,-1842.95,16.32,0.39,,,13,,,
46.40,-2.80,-1448.62,15.28,0.33,,,14,,,
46.40,-2.70,-403.41,16.47,1.07,,,24,,,
46.40,-2.60,-1435.12,19.50,0.47,,,9,,,
46.40,-2.50,-959.12,15.24,1.49,,,21,,,
46.40,-2.40,-48.50,18.90,0.27,,,10,,,
46.40,-2.30,-559.34,19.17,1.49,,,23,,,
46.40,-2.20,-333.76,15.92,0.84,,,11,,,
46.40,-2.10,-1424.98,19.55,1.43,,,22,,,
46.40,-2.00,-639.74,15.96,1.46,,,14,,,
46.40,-1.90,-767.58,18.09,0.76,,,9,,,
46.40,-1.80,-1710.67,17.57,0.46,,,5,,,
46.40,-1.70,-879.86,19.83,1.40,,,16,,,
46.40,-1.60,-280.48,17.32,0.87,,,19,,,
46.50,-5.00,-54.90,15.30,1.47,,,5,,,
46.50,-4.90,-1821.09,18.09,1.30,,,24,,,
46.50,-4.80,-93.67,15.84,1.35,,,15,,,
46.50,-4.70,-1423.70,19.33,0.84,,,6,,,
46.50,-4.60,-52.28,17.54,0.77,,,7,,,
46.50,-4.50,-1249.71,17.71,1.45,,,21,,,
46.50,-4.40,-1860.93,15.32,0.13,,,9,,,
46.50,-4.30,-1671.82,19.56,0.79,,,6,,,
46.50,-4.20,-27.87,18.86,1.38,,,6,,,
46.50,-4.10,-1097.07,16.93,1.16,,,10,,,
46.50,-4.00,-1541.55,17.67,1.15,,,24,,,
46.50,-3.90,-90.64,18.82,0.93,,,20,,,
46.50,-3.80,-388.61,16.36,1.42,,,15,,,
46.50,-3.70,-1529.85,17.29,1.39,,,14,,,
46.50,-3.60,-159.74,16.72,1.44,,,18,,,
46.50,-3.50,-177.56,15.72,1.17,,,23,,,
46.50,-3.40,-570.60,19.66,0.61,,,5,,,
46.50,-3.30,-325.49,17.75,1.04,,,10,,,
46.50,-3.20,-1839.51,18.82,0.39,,,21,,,
46.50,-3.10,-1169.55,17.47,0.21,,,11,,,
46.50,-3.00,-283.09,19.01,0.86,,,23,,,
46.50,-2.90,-1069.93,16.71,0.39,,,24,,,
46.50,-2.80,-1967.18,17.96,1.36,,,8,,,
46.50,-2.70,-1728.37,16.36,1.49,,,7,,,
46.50,-2.60,-1468.41,15.91,0.20,,,12,,,
46.50,-2.50,-1004.59,18.56,0.88,,,16,,,
46.50,-2.40,-214.45,18.67,1.42,,,19,,,
46.50,-2.30,-1104.21,19.24,0.13,,,15,,,
46.50,-2.20,-571.49,17.26,0.26,,,6,,,
46.50,-2.10,-598.42,17.32,0.38,,,10,,,
46.50,-2.00,-52.14,17.90,0.34,,,13,,,
46.50,-1.90,-292.70,18.00,1.24,,,19,,,
46.50,-1.80,-430.67,16.19,1.17,,,7,,,
46.50,-1.70,-570.33,19.49,1.32,,,21,,,
46.50,-1.60,-781.91,15.01,0.20,,,15,,,
46.60,-5.00,-1171.53,15.55,0.58,,,10,,,
46.60,-4.90,-954.04,18.09,0.34,,,16,,,
46.60,-4.80,-1259.60,17.77,0.75,,,15,,,
46.60,-4.70,-1756.96,17.81,1.28,,,7,,,
46.60,-4.60,-926.87,17.74,1.01,,,10,,,
46.60,-4.50,-1829.47,17.03,0.53,,,23,,,
46.60,-4.40,-1239.94,19.45,0.67,,,8,,,
46.60,-4.30,-998.83,18.62,1.40,,,5,,,
46.60,-4.20,-1820.18,17.27,0.57,,,23,,,
46.60,-4.10,-1715.76,16.72,0.69,,,22,,,
46.60,-4.00,-1458.79,16.93,1.35,,,6,,,
46.60,-3.90,-898.31,19.81,0.42,,,11,,,
46.60,-3.80,-1376.12,18.82,0.94,,,7,,,
46.60,-3.70,-805.11,18.90,1.11,,,24,,,
46.60,-3.60,-1803.35,18.83,1.19,,,17,,,
46.60,-3.50,-799.60,15.66,0.96,,,7,,,
46.60,-3.40,-1995.79,18.90,0.94,,,20,,,
46.60,-3.30,-1660.82,15.91,0.48,,,11,,,
46.60,-3.20,-651.50,16.92,1.50,,,22,,,
46.60,-3.10,-1453.86,15.11,0.30,,,15,,,
46.60,-3.00,-794.34,15.46,0.95,,,8,,,
46.60,-2.90,-1635.33,16.85,1.34,,,18,,,
46.60,-2.80,-1696.91,20.00,1.21,,,6,,,
46.60,-2.70,-379.97,15.15,1.17,,,12,,,
46.60,-2.60,-341.67,19.23,1.15,,,20,,,
46.60,-2.50,-956.77,15.99,0.85,,,18,,,
46.60,-2.40,-134.38,17.76,0.14,,,23,,,
46.60,-2.30,-307.10,18.19,0.63,,,23,,,
46.60,-2.20,-833.63,19.00,0.24,,,21,,,
46.60,-2.10,-331.79,17.05,1.49,,,17,,,
46.60,-2.00,-1818.68,18.85,0.75,,,22,,,
46.60,-1.90,-1766.77,19.06,0.68,,,8,,,
46.60,-1.80,-620.82,19.80,0.72,,,14,,,
46.60,-1.70,-402.52,18.99,0.12,,,18,,,
46.60,-1.60,-1212.58,15.36,1.42,,,6,,,
46.70,-5.00,-93.98,18.13,0.96,,,21,,,
46.70,-4.90,-1302.42,19.39,0.69,,,16,,,
46.70,-4.80,-358.15,15.53,0.73,,,19,,,
46.70,-4.70,-1160.66,16.17,1.17,,,24,,,
46.70,-4.60,-203.97,16.34,1.43,,,15,,,
46.70,-4.50,-692.93,18.65,0.58,,,8,,,
46.70,-4.40,-942.24,17.15,1.32,,,14,,,
46.70,-4.30,-1920.21,15.64,0.42,,,9,,,
46.70,-4.20,-324.90,15.19,0.76,,,10,,,
46.70,-4.10,-1511.68,17.41,0.12,,,22,,,
46.70,-4.00,-1152.28,16.89,0.51,,,10,,,
46.70,-3.90,-1133.89,16.92,1.27,,,19,,,
46.70,-3.80,-1939.19,19.74,1.32,,,7,,,
46.70,-3.70,-1177.33,17.76,1.22,,,19,,,
46.70,-3.60,-1401.14,16.47,0.70,,,19,,,
46.70,-3.50,-144.72,19.96,1.08,,,10,,,
46.70,-3.40,-352.45,18.39,0.61,,,16,,,
46.70,-3.30,-505.01,18.70,1.10,,,8,,,
46.70,-3.20,-557.65,17.89,0.49,,,8,,,
46.70,-3.10,-555.59,15.34,0.65,,,7,,,
46.70,-3.00,-1867.17,17.59,0.88,,,19,,,
46.70,-2.90,-1761.13,16.52,1.35,,,9,,,
46.70,-2.80,-924.67,15.70,1.00,,,22,,,
46.70,-2.70,-26.26,18.77,0.78,,,21,,,
46.70,-2.60,-202.86,15.76,1.00,,,10,,,
46.70,-2.50,-1708.58,17.64,0.61,,,9,,,
46.70,-2.40,-1320.88,16.03,0.23,,,9,,,
46.70,-2.30,-1759.31,17.16,0.49,,,8,,,
46.70,-2.20,-181.21,17.55,1.36,,,19,,,
46.70,-2.10,-1031.80,16.35,1.08,,,8,,,
46.70,-2.00,-1997.27,19.18,1.16,,,21,,,
46.70,-1.90,-790.58,16.17,0.84,,,14,,,
46.70,-1.80,-440.67,18.29,1.08,,,7,,,
46.70,-1.70,-788.26,17.37,0.18,,,12,,,
46.70,-1.60,-743.98,19.99,1.44,,,14,,,
46.80,-5.00,-703.00,16.03,0.80,,,9,,,
46.80,-4.90,-966.26,17.70,1.24,,,5,,,
46.80,-4.80,-56.47,16.10,1.04,,,11,,,
46.80,-4.70,-1234.88,19.35,1.08,,,9,,,
46.80,-4.60,-1264.70,17.61,0.41,,,11,,,
46.80,-4.50,-1281.09,18.56,1.43,,,9,,,
46.80,-4.40,-1776.12,17.11,1.17,,,24,,,
46.80,-4.30,-1452.48,15.37,1.25,,,20,,,
46.80,-4.20,-1769.79,17.77,0.18,,,12,,,
46.80,-4.10,-1264.19,17.97,1.50,,,8,,,
46.80,-4.00,-1843.86,19.54,1.25,,,8,,,
46.80,-3.90,-35.41,19.09,0.12,,,14,,,
46.80,-3.80,-1515.89,18.29,1.38,,,9,,,
46.80,-3.70,-795.24,18.08,0.48,,,7,,,
46.80,-3.60,-1749.49,19.17,0.62,,,20,,,
46.80,-3.50,-1689.14,16.92,1.44,,,18,,,
46.80,-3.40,-1975.45,19.72,1.14,,,10,,,
46.80,-3.30,-1298.98,17.35,0.32,,,21,,,
46.80,-3.20,-1862.87,17.08,1.00,,,15,,,
46.80,-3.10,-513.63,17.25,1.17,,,17,,,
46.80,-3.00,-303.58,19.09,0.69,,,15,,,
46.80,-2.90,-222.46,18.97,0.85,,,22,,,
46.80,-2.80,-1480.90,19.82,0.70,,,21,,,
46.80,-2.70,-1513.68,15.03,0.88,,,23,,,
46.80,-2.60,-720.18,18.79,1.30,,,23,,,
46.80,-2.50,-109.88,18.40,0.52,,,11,,,
46.80,-2.40,-1439.95,18.73,0.11,,,22,,,
46.80,-2.30,-769.77,15.58,0.66,,,7,,,
46.80,-2.20,-1492.64,19.45,1.23,,,7,,,
46.80,-2.10,-1646.14,17.26,1.43,,,14,,,
46.80,-2.00,-1012.06,18.72,1.11,,,8,,,
46.80,-1.90,-267.02,16.77,0.79,,,10,,,
46.80,-1.80,-1928.88,17.23,1.31,,,14,,,
46.80,-1.70,-1053.06,18.48,1.14,,,19,,,
46.80,-1.60,-539.37,16.44,0.49,,,14,,,
46.90,-5.00,-717.50,18.29,1.40,,,15,,,
46.90,-4.90,-486.61,18.48,1.34,,,21,,,
46.90,-4.80,-856.23,19.74,1.31,,,7,,,
46.90,-4.70,-1062.33,19.15,0.18,,,17,,,
46.90,-4.60,-661.77,18.66,1.46,,,8,,,
46.90,-4.50,-130.38,19.27,1.49,,,13,,,
46.90,-4.40,-907.62,17.24,1.11,,,24,,,
46.90,-4.30,-1465.82,17.12,0.29,,,18,,,
46.90,-4.20,-1999.42,17.78,1.39,,,14,,,
46.90,-4.10,-529.03,15.51,0.93,,,21,,,
46.90,-4.00,-1039.20,15.28,1.23,,,18,,,
46.90,-3.90,-1933.96,16.41,1.26,,,23,,,
46.90,-3.80,-1014.87,16.04,0.53,,,20,,,
46.90,-3.70,-17.65,19.96,0.91,,,23,,,
46.90,-3.60,-1971.32,17.89,1.01,,,24,,,
46.90,-3.50,-959.61,19.82,1.05,,,18,,,
46.90,-3.40,-601.15,19.69,0.17,,,16,,,
46.90,-3.30,-1264.44,19.63,1.46,,,11,,,
46.90,-3.20,-1160.63,16.70,0.74,,,24,,,
46.90,-3.10,-642.21,15.91,1.14,,,5,,,
46.90,-3.00,-1515.54,19.05,0.70,,,24,,,
46.90,-2.90,-400.27,17.51,1.38,,,9,,,
46.90,-2.80,-200.93,17.95,1.49,,,9,,,
46.90,-2.70,-1519.01,19.09,1.17,,,11,,,
46.90,-2.60,-1650.95,17.88,0.13,,,16,,,
46.90,-2.50,-1300.10,17.47,1.08,,,16,,,
46.90,-2.40,-1977.34,16.98,0.77,,,5,,,
46.90,-2.30,-1236.99,18.33,0.94,,,12,,,
46.90,-2.20,-319.30,19.28,1.50,,,17,,,
46.90,-2.10,-770.14,18.24,0.91,,,16,,,
46.90,-2.00,-1890.07,19.52,0.47,,,18,,,
46.90,-1.90,-1635.57,15.24,0.96,,,24,,,
46.90,-1.80,-408.35,15.52,0.85,,,13,,,
46.90,-1.70,-1424.52,16.96,0.62,,,11,,,
46.90,-1.60,-491.67,15.22,0.15,,,8,,,
47.00,-5.00,-154.12,18.37,0.12,,,15,,,
47.00,-4.90,-303.55,17.04,1.34,,,12,,,
47.00,-4.80,-1371.90,18.00,0.53,,,9,,,
47.00,-4.70,-64.88,17.77,1.07,,,19,,,
47.00,-4.60,-1139.70,17.17,1.15,,,23,,,
47.00,-4.50,-598.95,19.36,0.42,,,13,,,
47.00,-4.40,-1972.59,16.10,0.75,,,22,,,
47.00,-4.30,-1520.66,15.42,0.27,,,23,,,
47.00,-4.20,-52.87,16.30,0.96,,,9,,,
47.00,-4.10,-1158.96,18.90,1.41,,,21,,,
47.00,-4.00,-1309.24,16.99,1.09,,,9,,,
47.00,-3.90,-173.35,18.97,1.47,,,8,,,
47.00,-3.80,-768.02,16.16,0.61,,,8,,,
47.00,-3.70,-1113.11,19.28,0.94,,,6,,,
47.00,-3.60,-1269.27,18.58,0.40,,,12,,,
47.00,-3.50,-456.00,15.89,0.58,,,8,,,
47.00,-3.40,-136.59,15.55,0.71,,,24,,,
47.00,-3.30,-164.91,19.73,0.14,,,9,,,
47.00,-3.20,-130.83,19.04,1.42,,,13,,,
47.00,-3.10,-1948.99,16.19,1.11,,,14,,,
47.00,-3.00,-840.37,19.10,0.45,,,6,,,
47.00,-2.90,-319.89,16.46,1.38,,,15,,,
47.00,-2.80,-423.82,15.52,1.18,,,16,,,
47.00,-2.70,-1150.36,19.55,0.13,,,24,,,
47.00,-2.60,-846.61,17.55,0.51,,,12,,,
47.00,-2.50,-1533.49,16.53,0.33,,,18,,,
47.00,-2.40,-1889.94,17.72,0.27,,,11,,,
47.00,-2.30,-1535.65,17.18,0.61,,,7,,,
47.00,-2.20,-1281.86,19.73,1.20,,,11,,,
47.00,-2.10,-198.78,18.27,0.35,,,7,,,
47.00,-2.00,-1830.04,17.27,1.49,,,6,,,
47.00,-1.90,-1298.86,15.10,0.90,,,24,,,
47.00,-1.80,-1419.69,18.24,0.74,,,20,,,
47.00,-1.70,-1771.08,16.06,0.78,,,22,,,
47.00,-1.60,-1453.01,17.33,1.03,,,8,,,
47.10,-5.00,-1769.18,15.51,0.48,,,14,,,
47.10,-4.90,-454.50,15.81,0.48,,,18,,,
47.10,-4.80,-1358.56,15.46,1.21,,,14,,,
47.10,-4.70,-1943.78,19.29,1.19,,,20,,,
47.10,-4.60,-704.15,15.87,1.07,,,23,,,
47.10,-4.50,-213.40,18.99,0.31,,,22,,,
47.10,-4.40,-272.71,18.11,1.26,,,11,,,
47.10,-4.30,-190.92,18.99,1.11,,,5,,,
47.10,-4.20,-1153.30,18.59,1.18,,,12,,,
47.10,-4.10,-376.81,19.77,0.72,,,18,,,
47.10,-4.00,-1719.72,16.78,1.18,,,20,,,
47.10,-3.90,-1812.95,15.24,1.07,,,6,,,
47.10,-3.80,-237.18,15.45,0.34,,,8,,,
47.10,-3.70,-824.92,19.65,0.28,,,20,,,
47.10,-3.60,-755.73,16.83,1.28,,,21,,,
47.10,-3.50,-1093.26,19.20,0.78,,,24,,,
47.10,-3.40,-1275.02,18.65,0.23,,,11,,,
47.10,-3.30,-1971.47,17.69,1.28,,,11,,,
47.10,-3.20,-1660.93,17.20,0.80,,,12,,,
47.10,-3.10,-1753.92,19.68,0.30,,,14,,,
47.10,-3.00,-628.15,16.83,0.56,,,18,,,
47.10,-2.90,-345.53,16.41,1.48,,,12,,,
47.10,-2.80,-1677.60,18.65,1.49,,,12,,,
47.10,-2.70,-562.07,18.59,0.88,,,14,,,
47.10,-2.60,-1421.24,18.15,0.64,,,9,,,
47.10,-2.50,-1599.35,15.48,0.30,,,17,,,
47.10,-2.40,-1179.69,19.47,0.50,,,11,,,
47.10,-2.30,-1180.18,18.40,0.76,,,13,,,
47.10,-2.20,-1714.35,17.42,1.39,,,24,,,
47.10,-2.10,-627.91,19.29,0.91,,,6,,,
47.10,-2.00,-382.05,16.35,1.14,,,9,,,
47.10,-1.90,-1610.67,17.24,0.78,,,12,,,
47.10,-1.80,-1310.64,15.81,1.27,,,8,,,
47.10,-1.70,-1201.94,19.07,1.11,,,18,,,
47.10,-1.60,-677.39,15.39,0.62,,,16,,,
47.20,-5.00,-1807.83,17.21,1.37,,,11,,,
47.20,-4.90,-480.39,15.09,0.23,,,19,,,
47.20,-4.80,-1889.07,16.01,1.30,,,20,,,
47.20,-4.70,-84.35,17.62,0.22,,,20,,,
47.20,-4.60,-489.55,15.28,0.86,,,22,,,
47.20,-4.50,-709.37,18.03,1.23,,,18,,,
47.20,-4.40,-1702.73,17.54,0.80,,,15,,,
47.20,-4.30,-569.62,17.98,1.01,,,11,,,
47.20,-4.20,-192.23,15.03,0.84,,,19,,,
47.20,-4.10,-625.34,18.18,0.11,,,9,,,
47.20,-4.00,-1703.33,15.19,0.91,,,12,,,
47.20,-3.90,-1564.54,17.05,0.67,,,8,,,
47.20,-3.80,-669.21,19.94,0.10,,,22,,,
47.20,-3.70,-1369.82,18.16,0.51,,,22,,,
47.20,-3.60,-1635.72,19.39,1.36,,,19,,,
47.20,-3.50,-522.27,16.26,0.75,,,20,,,
47.20,-3.40,-1252.74,19.43,1.38,,,16,,,
47.20,-3.30,-337.87,19.41,0.43,,,21,,,
47.20,-3.20,-1592.05,19.01,0.19,,,22,,,
47.20,-3.10,-993.66,15.33,0.25,,,24,,,
47.20,-3.00,-390.22,18.56,0.59,,,19,,,
47.20,-2.90,-918.65,16.45,0.31,,,24,,,
47.20,-2.80,-1759.91,16.51,1.35,,,21,,,
47.20,-2.70,-1794.48,19.27,0.86,,,12,,,
47.20,-2.60,-171.68,18.82,0.37,,,11,,,
47.20,-2.50,-1308.88,15.69,0.73,,,9,,,
47.20,-2.40,-1227.03,19.42,0.36,,,20,,,
47.20,-2.30,-1881.61,18.15,0.79,,,15,,,
47.20,-2.20,-1870.34,16.17,1.30,,,23,,,
47.20,-2.10,-1683.36,19.24,0.39,,,12,,,
47.20,-2.00,-69.92,18.96,0.98,,,20,,,
47.20,-1.90,-992.45,17.04,1.14,,,21,,,
47.20,-1.80,-1572.22,15.61,1.23,,,18,,,
47.20,-1.70,-1444.15,18.90,0.24,,,10,,,
47.20,-1.60,-1074.28,17.09,0.92,,,17,,,
47.30,-5.00,-1912.62,19.48,0.76,,,11,,,
47.30,-4.90,-793.79,18.30,1.13,,,12,,,
47.30,-4.80,-1529.50,16.67,0.50,,,15,,,
47.30,-4.70,-1311.99,18.99,0.26,,,7,,,
47.30,-4.60,-832.41,16.53,0.58,,,21,,,
47.30,-4.50,-326.13,18.76,0.24,,,9,,,
47.30,-4.40,-1652.01,18.07,1.11,,,12,,,
47.30,-4.30,-562.96,17.36,1.33,,,10,,,
47.30,-4.20,-1859.53,15.16,1.24,,,23,,,
47.30,-4.10,-1360.33,19.62,1.25,,,9,,,
47.30,-4.00,-1740.77,19.13,1.30,,,11,,,
47.30,-3.90,-189.42,17.45,0.20,,,18,,,
47.30,-3.80,-1641.11,19.26,0.18,,,16,,,
47.30,-3.70,-1816.38,15.74,0.40,,,14,,,
47.30,-3.60,-617.16,17.62,0.76,,,16,,,
47.30,-3.50,-441.57,18.71,0.48,,,13,,,
47.30,-3.40,-277.78,15.42,1.42,,,7,,,
47.30,-3.30,-1831.10,17.60,1.36,,,24,,,
47.30,-3.20,-1125.33,15.16,1.41,,,17,,,
47.30,-3.10,-1759.18,18.18,0.77,,,13,,,
47.30,-3.00,-940.40,17.42,0.67,,,15,,,
47.30,-2.90,-555.73,18.70,0.73,,,19,,,
47.30,-2.80,-981.25,17.25,0.73,,,24,,,
47.30,-2.70,-1589.04,18.47,1.06,,,13,,,
47.30,-2.60,-1692.37,15.17,0.82,,,11,,,
47.30,-2.50,-1506.19,18.53,1.04,,,22,,,
47.30,-2.40,-637.88,18.13,0.46,,,19,,,
47.30,-2.30,-972.23,18.08,1.28,,,8,,,
47.30,-2.20,-307.74,18.19,1.31,,,18,,,
47.30,-2.10,-1026.07,16.04,1.01,,,23,,,
47.30,-2.00,-116.30,19.16,1.18,,,11,,,
47.30,-1.90,-1770.84,19.20,1.37,,,13,,,
47.30,-1.80,-1089.06,16.68,0.39,,,12,,,
47.30,-1.70,-426.75,17.34,1.37,,,14,,,
47.30,-1.60,-1341.30,19.18,1.26,,,5,,,
47.40,-5.00,-886.58,15.59,0.65,,,22,,,
47.40,-4.90,-239.65,15.09,1.40,,,5,,,
47.40,-4.80,-1823.56,15.22,0.95,,,13,,,
47.40,-4.70,-555.14,15.27,0.75,,,19,,,
47.40,-4.60,-868.56,15.90,0.28,,,7,,,
47.40,-4.50,-1660.64,15.95,0.90,,,20,,,
47.40,-4.40,-127.40,17.79,0.21,,,7,,,
47.40,-4.30,-1757.21,15.45,0.95,,,16,,,
47.40,-4.20,-1202.18,18.27,0.80,,,12,,,
47.40,-4.10,-316.26,15.29,0.18,,,12,,,
47.40,-4.00,-1848.25,17.06,0.96,,,24,,,
47.40,-3.90,-1647.35,18.26,0.10,,,5,,,
47.40,-3.80,-297.86,16.01,0.15,,,13,,,
47.40,-3.70,-1132.89,17.67,0.42,,,17,,,
47.40,-3.60,-103.25,19.44,0.12,,,9,,,
47.40,-3.50,-1775.31,18.92,0.93,,,10,,,
47.40,-3.40,-1472.24,17.29,1.41,,,19,,,
47.40,-3.30,-746.41,18.89,0.70,,,8,,,
47.40,-3.20,-414.74,18.92,0.13,,,5,,,
47.40,-3.10,-1209.35,15.93,0.20,,,21,,,
47.40,-3.00,-1259.40,17.17,0.60,,,12,,,
47.40,-2.90,-1060.01,19.95,0.12,,,16,,,
47.40,-2.80,-736.75,17.37,1.17,,,22,,,
47.40,-2.70,-771.98,16.29,0.60,,,16,,,
47.40,-2.60,-559.42,15.91,1.00,,,9,,,
47.40,-2.50,-1851.85,15.71,1.18,,,24,,,
47.40,-2.40,-1194.31,16.54,1.36,,,15,,,
47.40,-2.30,-866.67,16.91,1.47,,,23,,,
47.40,-2.20,-929.75,17.10,0.12,,,22,,,
47.40,-2.10,-101.85,17.30,0.47,,,12,,,
47.40,-2.00,-1214.25,17.71,0.51,,,5,,,
47.40,-1.90,-873.69,18.43,0.35,,,14,,,
47.40,-1.80,-798.09,17.68,0.95,,,23,,,
47.40,-1.70,-65.93,18.79,0.73,,,15,,,
47.40,-1.60,-755.78,17.62,1.44,,,11,,,
