latitude,longitude,temp_surface_c,chlorophylle_mg_m3,vent_noeuds,thon_present
46.07392505514733,-2.2574699712609,15.263393414907535,0.6694172725151476,10,0
45.29672770019027,-1.9587149739331684,18.354026963267636,1.1988820064831185,5,1
45.97798707633217,-1.7170285700806853,18.64223219088315,0.9825123533892762,10,1
44.996261865430924,-1.6019036671527855,16.6613390864755,1.3084274799979332,16,0
44.7789168141627,-3.4955418292660374,15.483114333858612,0.9903405132080322,23,0
45.159207207920176,-3.762559749383605,17.52292818594308,1.1467989997639085,4,1
45.890927851113624,-4.197550558293882,17.59474851522423,1.2172393669735793,5,1
45.22343038394012,-3.7385499536492457,19.476908268983934,0.5189864936174371,3,1
44.103277498490364,-4.255421305913015,18.289835707841778,0.19960590926979233,4,0
43.866420206496464,-4.206672286729675,15.178970758047985,1.3616238034416601,2,0
44.192461813936696,-4.739064958560066,18.086072567120258,0.30795662168741555,2,0
46.32482410016889,-3.8942619684806683,15.869178393553272,0.724749270374721,3,0
44.84398905905994,-4.5987457255151485,19.228096525188466,0.44716794253161174,20,0
44.542986120460775,-3.578324954855936,21.866216651295023,0.9758647713122797,25,0
43.91053707297275,-2.5161640295752137,21.054656564273955,0.11831892346092542,25,0
45.28846427603845,-4.391353538330053,18.041991386555377,1.3287335828061781,12,0
46.23788634119087,-2.054305738672408,20.42744581043332,1.0213436719315707,23,1
46.261253930621805,-4.085834045019107,21.53529274420943,0.1636676453273953,11,0
45.883288640819856,-2.5613953641241554,17.19241045729332,1.0714599673014646,4,1
46.088581365166874,-2.752505082884441,18.377183205735758,0.6607658150651621,22,0
45.991781361706416,-3.059089670529879,20.42261310849103,0.5376596050875385,17,1
46.304407918675,-4.82513355671125,17.15634177889297,0.1139389556410409,5,0
46.101941138110504,-2.393765035914856,21.183590131734853,1.0895183746640773,24,0
43.76376963238777,-1.9860224795468229,15.37341777377269,0.7623880835403765,26,1
44.609926863827795,-3.548965295444943,21.37728919645039,1.0035675851007946,19,1
44.79622160324899,-4.644379611047631,17.021424581132816,0.9648653088950743,21,0
44.55064864548143,-3.273558089015596,21.991655505466852,0.4688956043291149,4,0
45.42546688052437,-1.8037637499989678,19.772569087299814,1.437242669833088,11,1
46.07367031300489,-3.218545626200722,16.279533185770177,0.8104822905819263,28,1
46.29134335149089,-1.582237293122617,20.263582236024753,0.6938457322294204,16,1
45.18227985996375,-4.325526459350705,17.32143227635742,0.24100625376281795,13,0
46.142720035658456,-4.389063686014616,16.796637929592553,0.14368209329581036,21,0
46.139925520394556,-3.1569150585488637,17.960011772342288,0.47481456081149376,9,0
43.832714270077894,-1.7673247654155926,16.71955310977176,1.2482054035114891,16,0
44.73669785348132,-2.2108832615879517,19.22264481460198,0.8803396967384112,27,0
43.67448678329546,-4.881114029216616,15.376868259816456,1.158549414983683,9,0
45.84586404591943,-2.2894688777057906,19.245873470335464,0.24523529706664146,20,0
46.05775196624285,-1.9481124011836002,21.240038977273677,1.0492530888926896,13,0
45.60675901310613,-1.73512420709835,19.983843636735443,1.0650330627651465,5,1
43.658530780872404,-2.711872178881548,17.949148790420985,0.31661770382915755,13,0
43.90778445819857,-1.8677888384317498,17.2650465695472,0.5737434767007585,7,1
43.77242301567395,-3.5703744348797692,21.684451115935083,1.3339912442523976,20,0
45.152636093418536,-4.182519254752731,16.14942062461313,0.4162684285500372,15,0
44.97350653715186,-1.6063934806467688,19.084075876939142,0.1288350787943432,4,1
43.706223496618726,-4.624326033373059,20.117009013847824,0.3877758586276635,16,0
44.387428490133104,-4.6929685916652835,18.82138429646485,0.912259637391104,7,1
44.42233816941609,-1.6510632590661158,18.550367449606007,0.11622402637963472,14,0
45.92089730552675,-3.071096843478026,16.7318532263779,0.849594233978001,29,0
46.02394218380616,-2.2302840829693187,15.736142143974266,1.070456532056711,28,0
44.22316323258405,-2.6215729590081605,17.101577417763284,1.2815008059285447,8,1
46.41678933761587,-3.0548750310405106,19.852437844849195,1.2159960159405439,29,0
44.04278155836651,-1.5585238964930799,18.162502456592335,1.2342585486799287,27,0
44.43576349321738,-2.7475647553881126,20.246485169089002,1.1378532316642767,3,1
44.369707316121875,-3.097327825727576,16.721974535310736,0.9939909240811485,5,0
46.24902651711378,-1.6904024753063838,17.398697427058284,0.8720096283327754,5,1
44.59759490432989,-2.4982805356773152,16.51061621862776,0.8952564088476114,10,0
45.142150211689554,-2.0252604051226597,17.148831054354016,0.56890303456127,10,1
45.9891259475244,-2.41022670591623,21.026233483092437,1.1649444508526063,12,1
45.494146970531645,-3.4655728561231283,15.073388219368525,0.9242455159258463,17,0
45.21415143665498,-3.780555824583715,20.21886504412896,0.45648253685333395,20,0
43.642984313475345,-3.1011096261302558,21.516923928732993,0.11751733981341848,25,0
44.84774027045257,-4.715816132706562,20.776977730746268,0.3531399555826602,20,0
43.76783489038626,-2.9029770744712957,19.451698084723784,0.1976659528430364,15,0
44.81206521186599,-2.712758449798492,15.662842536015585,1.0397976485147555,9,0
46.35294471532942,-4.151516560840812,16.041979855269368,0.4501970635604765,15,0
46.439263685129895,-1.9109733321951956,20.69451402968958,0.9668427519313505,15,1
43.847040260747164,-2.5382894399496982,15.200087637356425,0.2684608179752219,4,0
46.344509168484386,-3.156105060286932,16.478880634668876,0.7970298375884616,6,0
45.05627800183125,-1.7607042248651381,21.911741272103455,1.4658211314024208,20,1
44.36935143374112,-4.482741215512468,18.23652230096119,0.8448324952762415,18,1
44.679527643135785,-3.397457708611273,16.319127621583018,0.24776104393091092,29,1
46.1179415113994,-1.8291097239197884,19.118999359765,1.2941832515930465,18,1
46.080662356804716,-2.974420395019537,16.379572612996828,0.2990619658203477,5,0
44.31545732952697,-2.205036556118422,20.829799561735975,0.8783909950936777,1,1
45.43313308889947,-2.0775453602047165,18.676555809846107,1.1505559154479341,29,0
43.75630022133288,-2.4877022997337432,20.307957500770414,0.8143299490410095,14,1
44.837116184075924,-4.823349093699907,17.643638432156006,0.22134763534066237,19,0
43.57251910839197,-2.14464100791234,20.448578678406616,1.1295455965163161,23,0
45.2450606211883,-3.5450598067285437,17.691354836259563,0.10413774196903039,8,0
46.25151132474792,-3.9315026103135216,19.161915037087645,0.9933179926723704,13,1
43.741933570770705,-4.94307170421332,19.728970954304472,0.6829725099161812,4,1
43.69978706220464,-2.7778477240112127,20.58186150134045,1.0921876623066757,22,0
44.54957926730844,-2.5424012433778134,16.668816251396514,0.754670212130668,11,1
43.934232464429066,-2.6776711081041817,21.020264279955935,1.083822060484761,18,1
43.82360758044495,-1.9417910280640012,19.391232324780027,1.0777128300481669,16,1
43.757563955233415,-3.179122491001433,20.71369513960016,0.5241550522950702,20,0
45.1292803676638,-2.8847084308086415,19.80988578182239,0.4575328235367824,9,0
44.08975497595794,-1.941102244142189,17.131177838434446,0.23497319142194065,21,0
45.73022316193047,-1.6322327161635277,20.430976885640955,1.1968290773238484,25,0
43.86699861157307,-3.8949816262138564,17.289539351816387,1.1048110241831337,5,1
44.16609720624659,-2.3668695452766544,21.861028346224863,1.4049407555886935,1,1
46.43248786161435,-4.195497390682458,17.890437119990924,0.6243927500937153,6,1
44.21472311999147,-3.8879091914176245,18.977245919009864,0.5410262336660779,13,1
43.5357987343024,-3.2901371684945735,17.479773665739447,1.3986999401177156,19,0
45.686941005535104,-4.487374246421988,16.00407603862694,0.11231177804868862,25,0
45.84602312665354,-4.457649733179865,19.778327013281487,1.189606479827402,4,1
45.57362730937863,-1.8720135669926057,21.482825868479175,0.6395722426592313,20,0
43.78315299940338,-1.9075585417101952,17.505297876517815,0.694529092223294,5,1
43.67802014325862,-3.8471038948399525,16.54035813558104,0.729299322570986,4,1
46.463669252958006,-3.5776146500453914,18.524572134328274,0.1311508904457283,18,0
46.31470710280387,-4.254113586473161,17.860547799791693,1.0912147939409176,13,1
44.69906347267461,-3.7545449707195906,17.994351490401783,0.43462339033830355,10,0
44.94251318872997,-4.340387216118361,18.422649213944215,0.38738762982276387,1,0
44.987999599804255,-2.378151255272285,15.799054344557307,1.4635373912308356,8,1
46.44128783522665,-4.874730789081091,18.81303202860588,1.0876730479651773,10,0
45.83826685416916,-4.131544954953967,17.966702206694926,0.29118395209597137,18,0
45.67952689287479,-4.7312673001866,19.656373925797602,1.2721817036783527,1,1
44.613567998469456,-4.922425362428235,21.056290770285525,0.3574316920120494,7,0
44.387942279432266,-2.1305614974575287,16.842867686179137,0.7831516153934647,4,0
46.21210457692653,-3.5731937959676205,15.922405241742533,1.4054068439956737,27,0
45.26651944184435,-1.6089938198305722,15.360415139102301,0.7118067270123076,11,0
45.91751035775695,-4.555530726787798,15.238123507467101,1.1758811911214206,29,0
45.85177973556051,-2.446767381517932,21.74407652275955,0.7947248817397188,1,1
44.65471505434775,-3.1681261070419664,15.236999914928926,0.9910220221209979,15,0
44.94739748050678,-3.9585012415149974,21.80525650402094,0.8558753242424805,21,0
43.574051487215634,-1.6625190478640968,18.19780713405735,0.6839841534979626,10,1
45.99176094471742,-2.5383058562353833,21.667794965878556,0.9981618241329256,14,1
45.80463957624916,-4.442818532321324,19.333129698363294,0.39517870270598676,26,0
43.75253289256961,-4.690462285662472,19.94804467750346,0.12629192708352815,29,0
45.820611222133806,-4.89748672249601,15.012801999570161,0.12271522415189931,17,0
45.124769568677735,-3.671039200739077,21.34862821160046,1.4352324535804106,23,0
44.23446575111345,-4.954189644584925,18.072741923089154,1.4104064716280333,19,0
44.64637243769893,-4.313456721055875,21.519078409397352,1.4206444289627647,14,1
46.37828799755039,-3.236901042842808,17.68596180829697,1.4043992102568812,1,1
44.11947317340617,-2.1620586067838827,20.242589294501148,0.4870946171660603,22,0
46.31639378930879,-3.7501087447162407,17.335800188168896,0.31748335593325994,9,0
46.455872742392536,-2.898962537600374,20.713521388322153,0.15943893838012885,25,0
43.94266538907758,-3.0823578171075194,21.464189763455913,0.32672202769984604,18,0
46.39674295362847,-3.5840948953049008,17.497560554632514,0.41941081143556547,11,0
46.098806690059554,-2.071338522457907,20.259205166943453,0.890025628801111,17,0
44.543639412552686,-3.179265399962161,16.395993097487153,0.4956916389673449,10,0
45.65283286336239,-3.5145272264284575,21.901115009561323,1.3842716093918814,19,1
46.25254147234615,-3.3598396533469956,21.18545112274274,1.1749677394751652,11,1
43.910558926814154,-4.96434589979767,19.99575116502927,0.46566053370896765,9,0
44.6120009140182,-4.072981820535376,17.855384607003472,0.8196536570121044,15,1
44.95569271758017,-1.8160563800445884,15.246672768992783,1.0928808733822821,5,0
46.34971135418825,-4.006309235891156,15.281554964771429,0.4868852157362208,8,0
45.88325504132334,-3.316393511076913,19.453918269993494,0.2250942920463491,26,0
43.6640673819032,-3.792627193524034,17.871066678677195,1.372340296620248,23,0
45.195752786479574,-4.525651500925269,19.122032609174365,0.9514294991587494,16,1
45.69228369507482,-1.7934943500917488,18.02806154373641,0.4339283733865952,25,0
45.55463145736365,-3.1156949598263957,19.831727713379983,0.2923085340281261,19,0
44.179997291857305,-3.446970758729062,15.139483224183596,1.2122321351852483,5,0
46.199471912257785,-3.1984800324013256,15.744660101213224,1.2091351036297513,21,0
45.349785405303464,-3.367636289318074,21.673622359510894,0.9253713059601818,8,1
43.59913923213615,-1.9340840772714518,17.161583002659164,1.095191066964751,20,0
44.36027199752853,-2.1614688512218523,19.394283192798365,0.46637795526820325,29,0
46.03769772887548,-2.5977003787522954,16.307093446935898,0.6395992786969702,13,1
45.2029808161641,-2.2546363932837323,16.75362726497082,0.7694624182574681,22,0
45.992594789482794,-2.899558240201442,16.75200041673111,1.2020784620843306,23,0
43.929869794991276,-2.104587808062893,21.7178884834492,1.386982175868866,4,1
45.49619323816222,-4.190298294045731,19.23228968924652,0.24847110673441478,26,0
44.285212297963504,-3.3571231782666775,15.701941607651897,0.8205067495115372,6,0
45.720897083326825,-1.7358019243735212,17.95304417453168,0.441318369447256,25,0
46.38474084313743,-3.904429648081961,16.468405180807974,0.5485306997994976,3,0
45.62443362825694,-1.6901244538826607,16.35095511476564,0.24631468465184367,4,0
46.168967244321166,-1.5561900188632185,16.110238674418117,0.7129025099150221,6,0
44.43159432571135,-3.3176098945369326,18.595967404689915,0.8573054287331577,29,0
45.08100592045123,-1.9035842627933448,18.687589257377187,0.8452110423415825,18,1
44.7885952778588,-1.5662450151819853,20.412799816276554,0.2653616147628437,2,0
46.020475458275186,-2.319881665766403,20.622913978724892,0.6682172087381273,9,1
43.91944068843284,-3.799930908876549,15.48709524955746,0.20483116859017164,25,0
46.34062304474918,-1.876291012941154,16.56604140256365,0.8655974643672404,15,1
45.681565852813165,-3.925482544883066,18.194674983024573,0.6428529290580302,7,0
45.68978760138464,-4.294913280728233,16.128063303797283,0.8725396909213147,25,0
43.578080686071274,-2.1959000163076716,19.091333165623304,1.0373342362637712,22,0
44.6331086300297,-3.0566352920367548,16.5850769606189,1.062444063787304,8,0
43.61490655045965,-4.37006324146471,21.080785361173625,0.8587650347688353,9,1
45.6396063915943,-3.645594335803344,18.085360171737438,1.1930357376119776,14,1
43.5673717758681,-3.5506292469803182,21.72763976666958,0.9349144309224333,24,0
45.05150301886311,-4.771420575578359,20.716917065433094,0.9638984479148743,4,1
44.118380985264146,-3.598423400153748,15.79181095794518,0.5892342930255563,2,1
45.01578691938295,-3.8797852148899654,20.36989551967529,0.7357005042110417,14,1
45.79352004831137,-4.07256913185787,19.706067523447963,0.21767067457018124,9,0
45.07508694565152,-2.9301864126042667,18.192737847979707,0.6471508029771559,16,1
43.90831646367292,-4.484953522808959,18.033684499828738,0.4335207455212563,17,0
45.2003822662187,-4.451003848052724,15.175022543029245,0.28185354522742034,23,0
46.157770732250626,-3.4926600399485284,21.84432827679454,0.5739721362148719,17,0
44.234044381846196,-4.967959307277077,18.088041490393046,1.1257461428066065,9,1
45.305185992727395,-4.4845462242074445,21.084850732806814,0.4157946629140652,5,1
44.38251000336247,-2.137139128323399,16.835350597946615,0.8061251137580436,26,0
43.8489484665983,-2.0183146892811634,21.64621643306795,0.7534397590499308,27,0
46.452254089982546,-3.6321319308192384,15.551503708660217,0.8995751308169723,23,0
45.241342113782856,-1.7843401729730792,19.67208549413072,0.10437867626810222,15,0
45.310008442352064,-2.3639990217797155,20.60334818109931,0.7219216785157788,17,1
45.49807702847831,-1.6702430810954176,15.97404120874552,0.44040623347502594,19,1
43.56685269490904,-3.71886894095654,16.69533677433873,0.35656977139166024,2,0
46.079880454915816,-2.810333551275961,20.14418292282042,0.4258402086986848,2,1
43.698514016550035,-1.5249431936505062,19.908851496944813,0.7587499696147026,10,0
45.87397743373678,-3.345237473809148,15.697724241825245,0.14441863882957565,9,0
44.12544242677653,-1.73911816349566,21.606396842755505,1.329360556197275,27,0
43.5738718567441,-4.392394940641987,21.23516249206745,1.2008780447243868,29,0
45.77575620349958,-2.5993110378024604,19.25688352823861,1.032537716501482,16,1
45.94231805094615,-3.243518786567476,15.531194430987277,1.3000449265687204,27,0
43.97770702466267,-2.182820793386459,20.77879707582171,0.17095177423105484,27,0
44.84097104562271,-1.9349858047026838,16.529991640817826,0.7320338884468195,2,0
44.9023181796378,-2.2786087159726303,16.837660075180175,1.0736727440167069,10,0
46.399617944473896,-2.9634067742322547,17.257767633856567,0.24784489069661853,2,0
46.405094488800515,-3.282612456377085,16.294082565608168,0.5561659873349313,18,0
46.312851377085906,-2.9356470556835497,17.555606636747896,1.264227118099276,2,1
45.16238689885818,-2.234849122857779,21.428883963322413,0.6178846169985721,19,1
46.093799341602114,-3.558154253636837,21.742977272065765,1.4898206759940522,15,1
44.89377991526869,-4.375243434337043,18.06735987192014,0.8241142567805125,12,1
45.733498965225245,-2.1186064057306506,21.480751292582017,1.2467725846131805,13,1
43.68151263349448,-2.1690800083830775,19.86053840695328,0.6775933810967363,10,1
44.865820155093786,-1.6339066533909437,18.828596648818756,1.3308289865096816,19,1
45.996662654695626,-4.348275333712422,18.516963882284035,1.3363881213128348,2,0
43.822278431677944,-3.5336914841911584,16.6274029121125,0.43586955058592036,26,0
45.31977086439949,-2.6396923279176288,16.33942030982726,1.1158539926551527,14,0
43.70052509886306,-4.85385370914371,20.5445027528326,0.3340932743407473,27,0
45.4571860916934,-1.7944818281765706,18.70951646553064,1.03768829523412,6,1
43.55873288291983,-3.0977849272303217,15.825641684424147,1.2922722427524276,11,0
44.67370504043084,-2.435801193167773,17.337760566152458,0.7844524936291937,26,0
43.6905143425419,-4.217771001284535,15.242183819173464,0.1653954592531905,13,0
44.97808805132068,-3.891250470409868,21.67195839038915,1.2449331154631968,10,1
45.528519557755665,-4.382005107889766,21.37201225750084,0.33618558724008396,19,0
44.0230921498933,-2.5296293358363258,16.80209817656486,1.0676222318482527,18,0
45.05107689457341,-2.471658257267036,16.28951423348137,0.5213790982651139,6,0
46.3053772763033,-1.5986104298235437,16.36368664256617,0.2749603972168896,1,0
45.61044372026427,-2.4197940109118337,15.215884756767707,0.6018243677249915,14,0
45.276307263125624,-3.9327120618669467,20.543373568326558,1.0830759853566585,26,0
43.60738633174603,-3.883579407968152,15.820171216732538,0.6989226844054596,19,0
43.694188036164036,-4.9419271421820845,19.838126853091275,0.21629729443980644,23,0
44.148712391220506,-3.496585892453987,18.646580819647525,1.3875700546634537,10,0
44.09241534439839,-3.2593155587668914,15.935209247591137,0.26887799424661046,26,0
45.03358550217718,-3.280866326639572,18.701728525466876,1.0563528413482706,24,0
44.714588547754445,-4.20690021851844,20.749620037149302,0.8447478687340071,8,1
43.579784745218454,-2.1994333739629175,18.476280264589224,1.4215772533397533,25,0
43.916433778463805,-3.6285320128455414,15.293128250726868,1.2348679470900141,24,0
45.88886265485754,-3.9124843662894464,16.482148528390304,0.8904181864844761,21,0
46.42654461586203,-3.614715830124628,19.73952111300604,0.784509268126607,28,1
46.08122415736796,-4.724122326940911,21.829288936480665,0.2766857779329298,26,0
44.170525429230345,-2.3453757673660394,20.43594052913985,0.5395906137704397,15,1
44.7478027716152,-2.406222061743019,20.85185888447814,1.4912905850816027,22,0
45.352074072080974,-4.353546120993142,17.187700793477884,0.9681578324900918,4,1
45.905042820415474,-1.946108354549139,15.767795745721127,0.6921611239966424,29,0
43.91523557262608,-3.500111649190134,18.11628191196237,0.563839560324704,29,0
46.07641136277684,-2.248660174985852,18.514414733991092,0.8415847673182605,27,0
43.99295866398748,-3.95288271868921,19.589577039456273,0.585617332301935,25,0
45.75672773737893,-2.3785108140899522,21.500970663386415,0.5654182318300043,28,0
45.92095878203353,-3.9783636814167567,19.388194194625704,1.1927757753926063,12,1
46.22395701789154,-1.6410264123303295,17.57684641606554,0.5806329037316456,20,0
43.6415873133433,-3.8823340876974037,20.76630459413352,1.281753291799496,3,1
45.16648230261529,-3.1531431657389133,21.87901623653231,1.4370763213891844,17,0
45.32685408229464,-2.6646271846107052,20.332853613153393,1.2299958999142369,24,0
45.36752531803312,-3.230368943020366,19.45236016988995,0.6167753566275361,15,1
44.27329976100659,-3.655045086786231,16.654204899451006,0.5950089459707149,8,0
44.53228392451742,-4.586742140913906,17.596292796423228,0.29912804060919623,22,1
45.95282403352512,-1.984089148624038,19.669992553702624,1.2795734509340397,1,1
45.855446442288304,-1.751103458519009,20.62120185390205,1.1160820034754149,16,0
44.27937729923164,-2.243054211800909,19.121388008550866,0.16813119432278192,24,0
44.4373871384475,-4.462199299980647,20.62743297030615,1.3399360515891263,26,0
43.66534547944472,-1.542938280777586,16.080778496782845,0.3692679209792399,17,1
44.84294568619312,-4.764240485424888,17.163168017579704,0.6352502910693006,23,0
45.685207232171244,-1.6719145127367891,16.798366565852696,0.6108498819976992,24,0
44.46259949855768,-2.3484953358791847,17.696818127585164,0.9414026082509099,16,1
46.47229712619634,-1.924863952601902,19.956128150357774,1.4502812551451543,9,1
44.64192313460098,-2.960556847487972,18.905419948567616,0.2984996525373492,19,1
44.688182397382334,-4.613619380356505,19.972767949120385,1.4421722880038097,27,0
45.04029985456806,-3.1712745044754893,20.04785614749796,0.6084445802992482,6,1
44.36567815237516,-4.640287777448273,17.186865240687116,0.30503080221794965,3,0
46.13353642949937,-3.3670902719594373,20.130215646455824,1.0644796104776868,26,0
43.75230376393953,-1.7467647764543996,19.249275115360817,1.4484865048389755,16,0
44.29024738171203,-2.15002854807643,19.57360025983712,0.5177754228884295,17,1
46.29007263810161,-3.149234688069654,20.053840603819207,1.0211120695558313,22,1
46.42360530255354,-4.1599202858165505,19.381985849697173,1.418861908312434,21,0
45.155530491424955,-3.1209101208456724,19.68567288823467,1.1002257180193278,10,1
45.187405532786066,-4.104154804470414,17.52405610081267,0.38130486010339437,5,1
43.99341653122291,-1.9294304245019411,18.7333873329363,1.352028777186929,14,1
44.59368596945015,-1.5338825151010544,19.16554795725196,0.21332911018394402,27,0
43.665515056450204,-2.020520496596489,19.33053182959794,1.162925031837393,24,0
45.97527226885098,-1.9235516337128638,16.831977749968317,0.5628582455214147,13,0
43.799178731573654,-3.156839758346814,21.281577267656033,0.6658229493554334,12,1
45.320076541222456,-3.242984270139647,21.49122048070844,0.4326295675967764,16,0
44.23491814438798,-2.5734703719161676,16.536473420100283,0.7794494391341297,2,0
46.45637813775579,-4.063436023655114,20.396915437240693,0.9693664849575944,9,0
44.38155321079271,-1.6235758286739026,18.428042317768774,0.30517911936206665,22,0
45.246181252729286,-2.7015241218743915,21.92840522470253,0.7059724487775835,24,0
44.5118314282017,-3.847080416252751,21.36659274509927,0.35611322375867027,27,1
45.44437424140505,-4.314918954612983,18.200376567678763,1.018241702067115,20,0
46.16704434068722,-3.796528089753763,21.142051354585426,1.14479725188058,8,0
43.99885805860191,-4.486564307833541,16.92463796301889,1.4968776984390737,11,0
46.06232825988383,-2.6365040499397647,18.78726879478101,0.7690617881291497,11,1
45.69728476904385,-4.675965851428798,20.856208016786912,0.1575804580456795,5,0
46.11796546848205,-3.860124069449196,21.589637926339684,0.8790358475555617,4,1
46.37834312570826,-3.1151579380711683,15.547228551982878,0.26165232049500176,5,0
43.526853492597255,-2.0005722773416084,17.80406850857241,0.22267738329932218,11,0
45.64783744181842,-3.598730262675451,17.24472688763295,1.2215456825015274,4,1
45.409518397423255,-1.9102070438132914,15.138186861165185,0.21131346288456965,14,1
45.17781868187659,-4.5964131479037755,21.740802507264277,1.0662624395907998,4,1
45.19536784265997,-1.8866334601063226,17.712278585445326,0.8505645803620597,20,0
46.06925167571885,-3.3408382219012047,16.19419189878915,1.3627654217549998,10,0
45.42490488493178,-3.8384693587883776,19.935609432049905,1.3952647589144114,12,1
43.57323837513616,-2.6751150243385426,20.30618678735346,0.570361658612724,7,1
45.5290928738956,-2.07415754492635,15.493156112834448,0.6846082937423833,13,0
43.564145864913634,-4.217886188291383,19.02406697673707,0.2344507286985219,11,0
43.88553069644461,-4.30037436247835,18.835601928279992,1.0248623423311345,27,0
45.771629807193406,-3.5791693420881927,19.906202245116205,0.2873698510919258,23,0
43.945343406207755,-1.9532067423609503,15.4229032523432,0.5574645271254792,2,0
44.50453604859645,-1.6840132552723208,19.453429324021098,0.9241954017345504,13,1
46.215960133336246,-1.787145181713302,16.10581591005269,1.278691486070917,13,0
46.06864805806015,-2.827198209233177,19.3573734748813,0.803847668255378,7,1
44.689058966080275,-1.7059511963046958,17.420777565078104,0.7774979707661666,12,1
43.72942715632301,-4.486591809272606,18.278350766591053,1.0544973604775467,23,0
43.654705482726726,-3.4834794475080932,17.823678412476177,1.0732549630332666,5,1
43.66589443465782,-3.24708877158648,17.835287311550353,1.3626517979438595,6,1
46.29844085340352,-1.5713690958987718,20.784269500734087,1.1259139780329535,18,1
44.54946682321429,-2.060392950241879,16.80281833842511,0.2499347101562126,26,1
44.97623655771847,-3.200043168281322,19.26570065396004,1.0245265253896292,9,1
43.556678581343995,-3.0697397189446303,20.002558707098625,0.9673213944402312,12,1
43.820681007028064,-3.798545049232467,18.000926733880657,0.9235873018920839,25,0
45.33599206668747,-2.579559172483533,20.53954476736635,0.31970444131148745,3,0
43.552778098197265,-2.4815829390480117,19.614466890245332,1.1157948330190257,26,0
44.53050246334986,-4.141077474793333,15.855345048845082,0.7857546824569562,15,0
44.58297898992412,-2.4129388156707092,21.84040639618581,0.33619085305990226,11,0
45.53377355479947,-2.665116714201853,19.390362920678015,1.013985381574827,4,1
44.80553111574843,-3.6985339338206726,18.982196418828725,0.6450333055847157,13,0
46.03607026054836,-3.4282469334120327,18.30835537696852,0.6672481408668683,5,1
45.96293818550755,-1.5761742701837265,17.091370662047463,0.5019143189776314,28,0
45.60704940998761,-4.139033169127469,18.24060396193512,1.2261324251860393,25,0
44.12578412460209,-2.6618965409247606,18.417415911270137,0.39585949030265377,9,0
44.22036500478069,-1.6601036501506061,21.49910176776431,1.186043634110877,1,0
44.277744324287816,-3.02523477209789,18.95603056475082,1.2901621579172893,27,0
46.266816092905984,-2.072753898130524,19.600830180148346,0.7698757533244549,3,1
45.48724079973289,-2.6488249122757304,19.13214892981334,1.486243210636755,20,0
44.458542174232036,-1.9446167121287723,19.253272909098705,0.498475838048385,7,0
44.28775213237383,-3.183702963714241,20.898078404724238,0.213667408422975,29,0
46.38151648526173,-1.5065256622418977,21.60416912068279,1.3525103222282917,10,0
43.851951614475134,-2.653101157341152,17.43291837451403,0.5022051717552526,21,0
44.215145241123025,-3.661585969511272,17.134402177334856,1.0530466999104775,15,1
44.65317292811839,-2.3612292386742517,15.439488382272199,0.7014477501594863,26,0
45.451590649690374,-3.1490517371584072,16.735297629090873,1.2646321560136782,19,0
44.820195237181615,-4.046343384208092,18.564426807875492,1.3233885270370294,22,0
44.925047965187275,-2.4056148499023395,19.391944598657563,0.4891671925198239,16,0
45.4965032174302,-2.5194332458451503,19.678819358390708,0.9010364248052845,11,0
44.1839765722831,-1.658249212075765,16.228269731647586,0.200627415868305,16,0
44.67518673998148,-4.576992422118233,20.786319837679113,0.15417833506064724,25,0
45.965565022875,-2.6165091254942356,15.879094446516408,0.47132489226039853,24,0
46.276423375551744,-3.453622929119593,20.76820614061776,0.46845764268162327,9,0
44.624874285735046,-1.959345051340772,15.075210224421193,1.23887053776723,10,0
45.62698757897165,-3.007620378543391,17.72872332027377,0.31832940599636983,16,0
43.64355467260916,-2.0784251221210925,19.24461937570368,0.21023391117778908,12,0
45.96314318792791,-3.0832103292046273,20.364455889732973,0.6483825844762086,29,0
44.872417522578466,-4.174522726492498,18.20015678202002,0.5721944937359241,16,1
45.99945598451655,-4.437782397485413,15.879436709574303,0.33077342868997933,13,0
44.0142574188741,-2.2281521430224176,17.46700213562838,1.4660773184291096,13,1
44.615876328926795,-3.5974557690909035,18.20841608641297,1.3091184998594059,13,0
46.136169426055645,-4.413881320988721,16.93898390446345,1.3345251492830168,12,0
45.66320836504474,-3.8210955137161307,17.55619459740204,1.240332813974762,21,0
43.80780659906599,-4.795606694210407,19.949716465744114,0.5202677354852752,14,1
45.91435595112872,-3.486753249913944,20.119514708330758,1.2749662309211796,8,1
45.91327362792129,-4.115544368982615,21.06543723648268,0.1294007114617306,21,0
44.34193610554326,-3.901439001220133,21.81998603158673,1.423073348142377,11,1
46.15044145457042,-2.713111714730883,20.256963970027364,0.5077151435008196,9,1
45.62792690775292,-2.2285680682551283,18.780093145490433,0.8984476695773249,18,1
46.27924448852152,-4.570469004965272,20.796268190312027,0.8627552691872329,6,1
46.17232839903226,-3.891911539499965,16.63218163171259,0.37877169010082223,24,0
46.01467105865817,-2.3263683163636686,20.244751739916552,1.427111262307499,13,1
44.30653511092394,-2.5746710700986943,17.282295511531352,1.172439305240451,11,1
44.842737741546415,-3.7800264306738534,21.756715317681056,1.0423718447851533,24,0
43.84416337246632,-1.5835993962336863,20.083381397816357,1.2987436649357866,25,0
46.03293199689388,-4.315452079882279,18.05829587936982,0.7159879392115692,25,0
44.58703883030761,-3.9518519164918278,15.104168852895496,0.7513971896743702,11,0
43.52892004861976,-3.3605328759596613,18.065654052138214,1.4535663079548566,1,1
45.6141057177505,-1.7641165077760679,20.985605314329938,1.0224389725050311,10,0
43.665012970172846,-3.934830968352988,15.227688129285369,1.3170002920517159,24,1
44.94042672769574,-1.8669644478084977,20.592604586582585,0.5296579785593223,1,1
43.52169126000722,-3.827814114268092,17.958611438159455,0.6885321335056223,3,1
44.76627065891101,-2.9026418217685177,21.147428717267,0.852052993769524,2,1
43.56263247739762,-1.7212315543682997,18.203682042729938,0.19262374560933906,8,1
43.60107147773903,-2.292275223310236,20.50189914543636,1.1244875924509243,11,1
44.32692144592299,-1.8583997399518468,17.755398420769627,1.49950429421912,7,0
45.847995276366,-3.212245389754907,18.45932347851039,1.233592703603513,15,1
45.93578884155726,-1.9331448212865796,19.855349887226524,0.5342902675182415,3,1
46.287159426848845,-1.6419936768241699,18.168779769730513,1.256183498030264,21,0
43.91871390569901,-4.608682854380404,15.930379197812156,1.1589755795438488,20,0
44.26715776110008,-4.401232438196319,18.161150728398226,1.1801835487011179,23,0
46.39403385673062,-4.777314385236563,16.22168548966709,0.7036796276989504,13,0
43.80833262643949,-1.728703613953353,15.331164903621714,0.512152198536943,20,0
44.63472615416182,-3.4171100703174906,16.31926768506624,0.8362136479835537,15,0
44.37376003198533,-4.809720262321551,15.07768742582343,1.444562926086615,4,0
44.53883364113332,-4.690912336012063,19.25181601226938,0.4388110930660366,14,0
43.74008940153645,-2.513570672082819,15.093003933901958,0.25062473425659637,12,0
45.368579449219574,-4.670563559350194,18.990396028997274,0.906175421770929,12,1
44.295464554907326,-3.4955653484091433,17.416512823033962,1.3867608064675891,24,0
43.58275634969276,-4.896913608896721,20.024060106981196,0.2091961903748426,23,0
44.84572514035591,-3.345965111411588,17.844160975295257,0.6597273124003943,7,1
45.216226791976446,-1.8737154103934661,20.50064023330353,0.6793312749166958,19,0
45.17597512880697,-4.180389502124303,16.760120938960675,0.46041048047116806,17,0
44.37340439318966,-2.899917924018447,20.960748243744494,0.7191143693900938,19,1
46.15532586049,-2.798127142796353,17.22401543584036,0.11114196321170439,20,0
46.085181336918325,-1.6210833933626922,20.970749810000303,0.9636099102887484,24,0
46.27087167470106,-3.339715591052211,18.478208157082474,1.4594964616387651,17,1
46.2318802448349,-3.5996995622377828,15.337184230700815,0.9156524880664747,24,1
45.969884448509774,-4.700720324542516,17.222908294945245,0.16158849638601272,24,0
45.33285364512773,-1.6646043704745006,19.27045337922823,0.5212488762476808,25,0
46.37419575901776,-1.9010043248688064,15.7667283483858,0.4005601382884534,2,0
45.51664151236943,-2.6927251428777765,15.839254363000494,1.141997255006786,22,0
46.40706024118131,-2.2406667892998007,16.452778850045313,1.2536001375355303,13,0
44.39130226180267,-2.702471452568113,21.673987383873094,0.8560463653530583,11,1
45.717450583875404,-4.40662914035201,18.976086224911914,1.2959755633798924,6,1
45.965357079249095,-3.814248701115806,18.905197721742898,0.8167616244587199,12,1
45.81904217214997,-3.0478067915814147,21.3962697247474,1.0270561077607463,3,1
45.42952002246153,-2.5514336786631073,19.261470635804546,0.4232984356505145,9,0
45.731734204285566,-3.613497544077871,18.836209692020116,0.6196853440957601,12,1
44.47461595741078,-4.397396795260157,18.806900677111692,0.9951001255643968,27,0
45.82043432510043,-3.1700767455780317,18.985674890198325,0.9980887147808243,29,0
43.95737507253424,-2.3362079899834516,16.850429617598913,1.4224657964479714,8,0
43.672256676484444,-3.1817159324943955,17.234815413675474,1.2984273798143433,2,1
43.682309738586405,-3.720072338019728,21.122390749601514,1.075532884647164,28,0
45.37322787902509,-4.0960991878873845,15.38577860916992,0.9210154842432166,12,0
45.586377063836046,-4.578716256223705,21.066243053434285,0.4252951938931866,26,0
44.47950039194031,-3.898907876646716,18.24940239699445,1.2149977450818656,4,1
43.964520704190136,-1.9006551750558431,19.970120459560178,1.3089381025137665,22,0
45.69536946059635,-3.283430551533683,15.014761508574775,0.3860895659851925,8,0
45.32178274836373,-4.171491087021527,21.71424589140687,1.266093175774167,8,0
45.69270762001924,-2.1206014331605756,17.782598320800815,1.4825194415687524,2,1
44.61178819057466,-2.1242954289720095,21.152861737370355,0.25880058736718137,9,0
44.39141936383051,-2.630581036471764,15.432358828716627,1.4593070118586478,28,0
45.86845963788591,-2.471288037742789,15.447754629194897,0.2020444862959452,2,0
46.44179225658153,-1.9541031637596813,18.298439433273664,0.29549007484555384,16,0
44.44958330858379,-2.5225436025088586,18.72861739316521,0.4232099588395981,20,0
44.95030079361764,-1.96769015197575,15.553985202531798,0.1641970446317657,20,1
45.51868939288051,-3.613648555347222,18.982704331573167,0.5723444102860824,5,1
43.70204385083884,-3.7116631484703353,21.978665940085026,1.1398467536250116,11,1
44.87343939044197,-2.0581295729754387,15.437174726214371,1.496931486423147,23,0
45.97075126685546,-2.1394331332083687,19.771938028362925,1.1239404007244238,2,1
46.17786085387741,-3.6328696775010574,18.71414192929218,1.2059418130062656,21,0
46.336983126905544,-1.6220360953226693,15.584160935646796,0.5256292798076627,28,0
46.082314441451686,-2.8429687436311104,21.68264473334672,0.6794863743677935,12,1
45.382669308908945,-2.8076666961465455,20.59913721303951,0.29193044047521544,3,0
45.40629373512546,-4.571146807480932,17.484600437378873,0.3004658857819768,13,0
45.81056078546463,-2.9296679827755394,20.947757702791193,0.7617805409156057,20,0
44.18636534145467,-2.3463857502993597,19.017367244491588,0.21207246688725906,4,1
45.86579307663016,-1.8707323857494167,15.04185642747508,0.5360234096333265,20,1
43.73876556290437,-4.895125608275537,15.411861202561212,0.31590074566091186,12,0
44.39505812144688,-1.862121367411942,21.516188241687296,1.3559929079659216,27,0
45.12219066466792,-2.802315238118284,19.722514227244915,0.4379410924809459,1,0
45.01300371188454,-3.193623412883544,15.70877501130277,0.7799038384521909,18,0
43.79346632678565,-2.354500875644127,19.335160744672972,1.081577596953732,16,1
45.77961904298577,-1.7012431972275888,18.016234888383405,0.48524023316165577,19,0
43.87876239306244,-1.6487499201143687,19.35246535677581,0.5335784016594938,5,1
44.7551241685605,-3.687823004497087,18.24966671159089,1.472663236067646,8,1
45.67037146485,-2.9433684999942824,16.64007522499436,0.14650415327452146,14,0
43.79103108363411,-4.0201118180791475,18.22496049078489,0.803205318408547,24,0
44.853549867939094,-2.742431152191634,21.851934958494827,0.8545969427945265,27,0
44.11157273149649,-1.9303727932827637,19.53918486376228,1.1607321518438058,5,0
45.62029291443406,-4.050328748805469,18.676833354443666,0.12857006157542533,1,0
45.83300244682433,-2.4047549448792274,17.555551778007988,0.17009375450839181,23,1
45.33997281999907,-4.479514066027465,19.513801007854177,1.3126886635360373,26,0
45.1078838368057,-4.863567847280389,16.877312330345944,0.47429338524337805,8,0
43.87121979088014,-1.5078626017799506,20.216999693667624,1.236417855089136,28,0
44.25621699911948,-4.54093361342176,15.927658854282699,1.116077450303082,6,0
43.980119143572935,-1.7471096363839989,20.81200156356858,0.4458709270097493,8,0
44.87260030474864,-4.098970553955989,19.521924168142046,0.637616904507538,7,0
44.3584876287203,-2.9478235248059232,21.405248454906424,0.8181656516840071,20,1
44.17819946504373,-2.7732882899739266,19.052631163400036,1.3335836753836514,27,0
46.262539163488114,-2.473689734218256,21.409610067952492,1.1968665118385453,2,1
44.005695162378224,-1.8065651902654856,17.789392620824273,0.455565047490455,1,0
45.47665735174316,-3.79386171944312,21.427840800359505,1.3808103141073362,25,0
44.93347431677568,-3.949514851488303,19.895489052379887,0.2937953981650826,2,1
44.720824956260856,-1.6734932435104124,21.91070749722466,0.8066797654569967,13,1
44.14558867286065,-3.073240666413461,19.451510659186923,0.5489494734832171,25,0
44.04346438900928,-2.5547572447437856,21.694476144380154,1.0939466715249104,16,1
46.230108097249456,-3.503395405801883,16.851344661765115,1.4416635100619888,17,0
46.455358308547716,-2.8568387189202578,20.077892897391514,0.36807396007410964,12,0
43.72790423637626,-1.8632884034781276,16.5966162197411,0.6849210517676942,2,0
44.3506954062089,-4.614909914355745,21.964222972795852,0.6665941850291307,26,1
43.83333896038051,-1.5313895840710283,17.934770940019398,1.3201911259711998,18,1
44.18417042550012,-3.732750566573425,16.223644479032757,0.3929127673331515,27,0
44.56846803979819,-4.8284755819384975,18.768526208481532,1.0218544013166755,9,1
45.79683705554998,-3.6192776109946476,19.857568882015872,1.4597894952193582,3,1
44.49741869897024,-2.530007694172402,16.95791489252125,0.6400873876221682,10,0
46.11330663416258,-3.2094813865833958,15.337508717927127,0.46805289284293383,10,0
46.38400396980886,-1.6199955588027013,18.666702123431648,0.6564234566666924,2,1
45.893220746324786,-4.341213815694074,15.407366665493322,0.44952455377110323,13,0
44.24033531642124,-3.4220789956981608,18.116450847978825,0.1895706150088995,1,0
44.47585019315349,-3.1370219718722048,20.599024739556558,0.7072671094841012,24,0
44.6300875951958,-3.114776032545194,18.66403025094571,0.5011032183782138,10,0
46.01707283226129,-3.278266617550695,15.947378555821848,1.3008819919454866,21,0
45.72907929628012,-3.2151122440426283,19.880408872806473,0.18121961909481535,2,0
45.89112845974475,-2.070643178554043,15.53938425327438,0.5782907329766487,3,0
45.230617158399454,-4.089753623542215,18.111507511410203,0.22377179016336254,12,0
45.50981470553339,-4.529302135708107,15.080186616235917,1.0322986289795155,16,0
44.34429973005924,-2.980004912350188,21.428961452679317,0.637494638661348,23,1
45.84509732112928,-2.17771655841964,15.904511820845707,0.5889790250889806,26,0
43.72146007239374,-3.902516285847361,17.843047914308304,1.1952704294028438,9,1
46.45557425682566,-3.2601746415638795,15.926282185706643,0.4776661133323764,4,0
43.740559981492865,-2.9061905830568824,18.187858773918343,1.352717524673134,6,1
46.218429090292666,-1.8598412323479532,16.299206573920706,1.2693513758475508,24,0
44.98667586419477,-1.5156427915204405,18.60138282239336,1.4198332316430837,23,0
43.67872049745532,-2.1130068234830666,17.387984225237144,1.344972813095198,28,0
46.02851926304777,-2.462846978704946,18.498501348246126,0.7999491637418299,7,1
44.01806164940604,-2.309666600770838,19.303414545363896,0.7418151640079957,28,0
44.16551619546472,-2.7817234466197354,20.35963034036864,0.7009340973736146,19,1
45.051934099023306,-3.1154839390528357,21.781405580602485,0.594779755826009,29,0
44.50421009141249,-3.7979825295793357,18.979291332595274,1.2947179732108067,2,1
46.447727286208135,-1.8344022644388502,19.960146263940537,0.24989814465099716,22,0
44.19501656915461,-4.846068531550306,16.921836194923443,0.862516856428238,27,0
44.60306789619715,-3.963262006035917,20.095811116970907,0.8545527110928747,8,0
45.54035349212553,-3.029470434317001,17.95108998649347,1.3813215039552147,10,1
44.188746626885994,-4.409645738178505,18.991887192110983,0.8292697355271008,28,0
45.227517746454794,-2.1302410659369095,19.824686669890838,0.22873563014985238,14,0
44.38330108177866,-3.379387408773331,16.269753895883934,0.9541887151321286,15,0
45.67609135709123,-3.8017582883029872,17.064556697007045,0.5331755912743117,19,1
45.04626223148782,-2.097878118525176,21.04225656816953,1.15569770593937,11,1
46.257839753621994,-3.391757090030372,18.194279314284216,0.4228499821263455,11,0
43.748095887960865,-3.4638370814937347,19.98658255959636,0.242880873388623,13,0
46.49044835489971,-3.3737092599156457,15.752417086842152,0.5723709516858365,27,0
43.65529015721899,-3.7278582739927595,15.980707884334862,0.22536878176516967,3,0
44.53973854422363,-4.74511105511045,18.398371125319045,0.375779599973711,11,0
45.987010521333005,-3.6305024999099516,20.54687816319653,0.7381612879809689,24,0
45.705601168257594,-2.056435298178279,16.711092741213204,1.3120433024666327,14,0
44.56150366627935,-3.2071538018248376,16.165368244626162,1.0275631700104213,1,0
44.26865035506357,-2.353735957028774,18.335828442779174,1.3688901832713978,7,1
44.99899715858331,-2.930093806246844,17.439383759666413,1.417568523504481,12,1
45.78257866778539,-2.7276701826812895,17.01831211768082,1.1135812966393341,27,0
44.866393287043024,-4.859646688812414,16.989023396477776,1.1557540620548965,27,0
44.955732853085436,-4.497492927380065,20.88198483840621,0.4062438386703918,16,0
44.540650426660925,-4.774294344115905,15.693922198547357,0.3186906658742251,15,0
44.15431796772371,-3.6661608436048763,21.11920975763295,0.14865048346941653,9,0
45.67336690121549,-2.0463798724020035,20.82763189904881,0.4577891299348058,2,0
44.24454338964112,-3.432666484977605,19.44616060412311,0.740460168362858,22,0
45.607016843412104,-3.0763607279406244,21.0318538065074,0.4040611599973669,19,0
45.17421430542357,-4.50691449090588,21.239445416208394,1.1727707149190416,8,1
45.027104196529464,-4.094599301011464,20.105307999430167,0.7166014800482046,9,1
46.13993499603373,-4.616707050933671,19.924203344170248,1.2166695865152475,16,1
44.35399123545387,-3.3196898313866274,20.342917763265007,0.21687132830694716,10,0
45.23434318568153,-2.958512159595271,19.680630435298035,0.9017368236775914,14,1
44.69225280509829,-4.926476185057799,19.56487663536848,0.6587375254669754,25,1
45.65797929649782,-2.658760913812083,20.728462380119716,1.3212366961755593,9,0
44.178564961209105,-3.462949039070299,15.877690482650479,1.4009869075148447,4,0
43.69712200335367,-1.9789093077504383,18.61721502088469,0.8105429538625601,27,0
46.47229738975186,-4.2446812607628495,18.63191498368576,0.6535832925463141,14,1
45.04310296693991,-4.893680144483131,18.658253408506695,1.2549240246909925,29,0
45.03732177920303,-2.6914238886976283,19.298420354127572,1.2649368377460823,16,1
44.89784586005463,-1.7732802521280129,21.963885436937737,0.9518821048584073,4,1
46.27802430953269,-2.478112501671376,18.030830036335075,0.30583123481345376,2,0
44.27096405410368,-2.080867038173725,21.104268059804337,0.7026559173955782,4,1
46.01704955574422,-3.8344874074907915,18.593224091691408,1.4088174016185724,28,0
45.907665432586114,-1.7478441148171018,19.739119233986845,1.1989826680859683,8,1
44.01816013600678,-4.919814512726347,16.886370757162744,0.9589002450200647,23,0
44.6946739994395,-4.2638241416200175,18.685150596027675,0.4777782944685782,29,0
44.59994921616458,-4.520428620146631,18.143399515441377,0.7515687541065238,12,1
44.81090931639523,-2.063516203434002,21.94123755623652,1.3757481287288384,20,0
46.04026678452923,-4.583223740785837,16.972348825442516,1.4431303200230226,7,0
44.83179011374417,-4.974973803902547,21.239290443003856,1.0928538243087957,2,1
46.15398114566209,-4.556483209577529,15.87151765194277,0.7252924761575628,6,1
46.020979499570906,-4.0607642181789805,16.649213695981004,0.20290476079706732,19,0
46.136765756417496,-1.7826338755791165,21.546466820437686,0.8701982608541232,19,1
44.115288835044105,-1.707903192527254,17.031635265712588,0.8039567939899183,9,1
44.95546433434053,-4.927007361616613,16.096790318969607,0.6984408264069584,29,0
45.45403694408495,-4.8347874936277835,18.417563236346304,0.5360411994248256,5,1
43.54641514455466,-2.4221889818872446,16.327572996796047,0.5903935911474806,16,1
45.832938102327006,-4.150559336915549,19.282490762265112,1.1252550289879222,24,0
45.56126822942369,-2.5744407611909863,15.924024759966262,0.7042488963023336,19,0
45.031691267174146,-3.8302315186264306,21.8103478290598,0.5663547533972331,3,0
44.92147332527584,-4.970326168093246,18.28256538409747,0.6165916557024179,11,1
43.55111769799858,-3.9650601762270554,19.491067213736414,0.9247093532381188,22,0
43.82997058011045,-3.805450477215755,19.37722372839371,0.5266357709086464,8,1
45.905741288957394,-1.5352187751528228,16.575439861298776,1.0731200340370843,17,1
45.86792380842956,-3.2350873982959794,17.91035300882775,0.5782667757851809,22,0
46.47670941163108,-4.717562394838973,18.931001012774733,0.512866772792413,3,1
44.868922756184354,-1.9444172805920417,15.841567016551043,0.29704076273597446,12,0
46.09702295312914,-1.8755572899562312,18.516277015862585,1.0265422672592475,9,1
44.297658176861894,-2.6944614906132003,16.220262733339062,1.1592038774012126,21,0
45.040611110740876,-1.9185981399259142,15.365041881428098,1.2122467565167008,19,0
44.499998583909374,-2.2598566160536615,20.82962859997766,0.48572346119158816,13,0
45.667121798746635,-3.0581671082851223,21.23458241515557,1.0235217650788195,4,0
44.88540057333196,-2.2857118768556166,20.62622172894735,1.3382117064514263,10,1
44.39103311826786,-4.694034047859375,21.51672475824676,0.3689952995332828,12,0
46.482070512042604,-4.472814309685975,20.14566696862694,0.27240100802706885,16,0
44.28870978200453,-4.4452789665997425,20.33479016319089,0.4330061924536823,18,1
46.34259623898863,-3.7027908356617893,18.04024270756789,1.2044177078810296,21,0
45.065633346761274,-3.234589013181374,17.608510966071027,0.7882408637693489,13,1
45.64667027592468,-4.469914789351521,18.404008878785707,0.6273854399456311,14,1
43.83814816450336,-3.4186819128894927,21.463490179979907,0.9772117254891921,22,0
45.39503013738279,-4.496295406951906,16.446505440643662,0.898998941608914,13,0
45.038953927117646,-1.6722264096880468,19.668840500843228,1.498411027162701,14,1
45.39766755836067,-4.155996149727558,20.652389998209344,0.839696469919827,11,1
44.12123347375198,-3.8349079069902534,19.00267642794191,0.3448605557627738,28,0
43.97505608668684,-3.1982810670256576,17.760025404556423,1.4109167049463127,3,1
46.438896422327204,-2.6229359829199472,17.72017577735924,1.4010759047823191,15,1
44.888516614213295,-2.331386159357146,17.237888713913275,0.9850698383074061,27,0
45.882525869027525,-2.9917028117576496,17.178189099100823,1.3679638681527035,21,0
45.846527237165105,-4.776826567420064,19.237856604713983,0.8135238914096371,25,0
45.50351714494569,-3.454948141404789,15.354546530427418,0.16091195707933376,22,0
45.038702397856845,-2.5068466066341157,19.614905156963356,0.4045952544297563,28,0
43.613500472476765,-4.539358907898142,21.07317102501096,0.4879432422119382,16,0
45.442005555575996,-2.032784892991005,17.14386040257112,1.4374606113953527,14,1
45.06702301497984,-1.7280976060681965,18.45578492210319,1.394316292319161,18,1
43.992274085187034,-3.634367150485762,18.443371623355457,0.3464486450059533,25,0
44.45764006324599,-1.5657638225835946,15.887712829765253,0.2746950166405569,27,0
44.42873188253621,-2.960671982491853,15.525416930034853,0.26475574628661325,3,0
43.64935112555977,-1.6786526362767598,15.237736666296147,1.015424551841418,7,0
45.80384339457862,-4.49373000516086,19.238251848976983,0.6498470940077825,19,1
44.01085228370248,-2.0421582816580566,15.33969512664951,1.0116248122355038,5,0
45.716700083943735,-3.5187076459868063,15.157549096280023,0.9671072597238944,7,1
45.31920819824804,-3.928200603849844,21.743022193649985,0.8686403959110093,6,0
45.53381629065052,-2.32624594149233,17.138314183412803,0.9241862405218497,22,0
45.5194336874601,-2.6087429363236083,20.274655494719926,0.48173899057000547,8,0
44.10505972910925,-4.870134167995683,19.35761411528036,1.0100043542157324,24,0
44.88220535516059,-2.820744201420318,18.598421290569373,0.188145720177454,15,0
44.59586969194607,-1.805721659289155,16.6219972600488,0.9731754680745938,9,0
43.635005296155846,-2.290291051101398,17.60329823640725,0.9995300597225948,24,0
45.50364088847467,-3.477276545366106,20.21363796861677,0.881976033847138,9,1
45.45864041435754,-3.708075840972265,16.301772131294573,1.3485678869848243,8,0
43.54584126549476,-2.421195247434471,21.53948042336563,0.9359637507787332,13,1
44.62800517261568,-2.6529897035984686,17.336321206329227,0.1889626259763453,15,0
43.92631826067316,-2.4763744571893325,16.63137234612372,1.273451914062773,20,0
43.71054832873326,-4.3767252974173925,19.358805714712798,0.9012144661901141,29,0
44.31144782308084,-2.6261018460723453,15.638133085175859,1.2526328271790301,12,0
46.31282892609073,-3.9135229374281675,15.388167093901572,0.28181133820939747,29,0
44.79976732920379,-3.461750915181478,16.842585127074805,0.6859268019362457,20,0
46.155433193542,-1.6521795914812172,18.267524772312843,0.5833336968155324,23,0
45.77022551539135,-3.8755557009087607,16.889821559295466,0.5627598318612421,20,0
46.11181100013537,-3.3211252453287847,20.05261547767582,0.8572478277076819,7,1
44.774029293545205,-4.287906121533804,16.435790325410796,0.5584463100955152,13,0
44.28529492523841,-4.2021809006693704,21.334171351821478,0.9607843587801215,19,1
45.993649269994386,-4.7038095734825704,15.231365217963766,0.9337720113563241,11,0
43.7371418797428,-1.733375270148409,18.2180273997581,0.4416725539857326,15,0
46.141738908982255,-3.302826019445714,17.291668085498223,0.5245160864597577,24,0
44.072120982811654,-1.5109809537827688,15.081353947236003,0.8907794455266198,28,0
45.68804451895223,-4.229887289097495,20.010592168029557,0.6808277269427021,4,0
45.04122144988346,-1.8299754943203626,15.828758939905962,0.9695619899155131,28,0
45.54758538254972,-3.3753054648788137,21.63252264213795,0.31670729502144984,9,0
46.00824673157343,-3.985320010734852,15.198574199448766,1.1850145470353208,7,0
44.22578798839812,-3.049103387751501,15.794931472520974,0.8610175493697417,9,0
45.85831505966536,-3.4517929689771645,15.20912963785574,1.3065040377444521,18,0
44.04906309792998,-4.297342747906905,16.92652436505764,1.1945069101530763,13,0
45.1342337132722,-3.0267352959086233,17.378527032190032,0.6505445284505255,22,0
46.142457732129735,-1.542063341237621,21.85980908482125,1.1921406197361226,15,1
44.0413845473241,-3.3820443778433282,17.54924933668353,0.9017572908227844,18,1
45.898127705780986,-1.842091220276279,20.62979141620734,0.21426858751779565,15,0
45.628049343138244,-4.033267444298882,19.812387522522265,1.1575645976698234,29,0
45.078919184174225,-1.9699396763828378,21.31864188776553,1.431278924113288,5,1
45.223831343103036,-1.5813505558264067,20.254627379580313,0.21612849848664914,15,0
44.90693263629755,-2.7629050248772145,19.03143785456588,0.1443572295549064,27,0
44.707390894807865,-1.7694287576526246,21.388774436701578,0.6067753459300166,1,1
43.540102654180906,-2.0947166190046285,18.804409865605475,1.2223680774162986,16,1
44.94908241898656,-2.709082657772152,15.201269781287605,0.45359697650547914,3,0
44.67211697333968,-3.312130663297327,21.60051749987461,1.0681429987000708,7,1
44.684211915917345,-2.281213966872099,19.555315180545144,1.482669760092062,23,0
44.13163363341223,-4.897485597533738,17.646535898696563,0.7959412057664516,11,1
46.39704262502063,-2.079424379085672,17.962653128464726,1.1158255144685292,10,0
44.02565154966337,-3.7290594183530947,21.751748736760973,0.8212053591017998,9,1
45.91772489853088,-2.6416404133279223,16.046090379330348,0.630303445159772,24,0
44.19468897818858,-2.44413046787027,18.12156338536367,0.2942577973689451,27,0
44.35887554141453,-2.8990230982823766,16.60971335408966,0.6070669733860742,6,0
44.28920666530398,-3.987403242186366,16.430869054109394,0.1970974915520579,23,0
44.03849573002156,-2.9802512888453214,21.450341324981878,0.44977091198112673,28,0
44.04963842738057,-4.840013172244457,20.341570667616427,0.7926829573534788,11,1
43.63862478884263,-3.06853909879199,20.118599443812606,0.8719568302255714,2,1
43.92476614005396,-2.9878095217584506,21.169276632278695,1.072992409645587,2,1
44.76472064868404,-3.950989517544672,19.53811714194396,1.1856229024343046,15,1
44.64280425156594,-3.1904101243225353,19.820157580490296,0.6564696501046591,21,0
46.01999301976208,-2.111300046002032,19.545309523783764,1.0390789856110925,8,1
43.7339467883121,-1.504320314568257,20.554231564517522,0.32914744557731074,6,0
45.721800195041965,-2.7116439260991365,16.869959437410852,1.4984817453415413,10,0
44.62969212514129,-4.844587586963266,20.88564390196491,0.563916006018251,28,0
46.125720931848335,-2.9446470774360556,16.990916009423316,0.624064229511004,23,0
43.547539672867956,-4.101874583877957,18.119359670673255,1.474193607019689,9,1
46.28375562481297,-4.9050208876383286,17.380301268353826,0.6815420789541787,3,1
45.63575008477769,-4.673739947111228,15.786915455240676,0.5376625845782091,13,0
43.71353112624807,-1.818530283943046,19.55118530904679,0.9287093445664061,15,1
43.93631691728134,-2.23376368873936,17.497559716329956,0.14373811670574438,7,0
43.840991944391,-3.962952925251072,15.480436420720464,1.1152798314374432,8,0
45.42191085881444,-3.5721303880634814,20.319570605373123,1.1271423833584984,20,0
44.876904690750564,-4.954443762630238,16.92980036033887,1.1370394386947498,18,0
46.00637300803811,-3.924797399793823,21.16923150792234,0.6735981240645272,14,1
44.80505433650388,-2.7946234471614058,19.85329617070377,0.6561463896090386,16,1
46.14601405698092,-2.7337308094843795,16.05935072308572,1.4350863044484619,3,0
45.48815525709324,-1.7680830258746072,17.680168305488877,1.2011677756551247,7,1
45.521274389110324,-3.7548906146818424,17.522482313142696,1.3246136015475962,17,1
44.719133539868835,-2.801668316971475,15.934810541384053,0.32645442632162636,25,0
45.36359643638406,-2.863599319089783,18.87655723230073,1.2123047020060298,24,0
44.53288582285447,-3.0550035421088655,21.835490176636128,1.286751573146571,5,1
43.88190735011712,-4.377101131188459,15.846556683023561,0.8307182043824296,14,0
43.99560846149861,-3.5927397858295067,21.018347930538823,0.9119834372250951,17,0
45.199878854086414,-4.097766302638452,15.365209486841724,0.2722922564325109,5,0
45.42388240169642,-4.763420528272452,20.918301056836857,0.8089068630194971,6,1
43.83453470199264,-3.143130918389846,17.137296337402084,1.0459652091248137,6,1
44.44040463750385,-1.6457475301361777,20.426692264513548,1.1269036577329137,19,1
43.5343722329538,-4.733509934864159,19.52017894822186,0.987221561172927,19,0
46.01773188844471,-2.326023653463924,17.651869674478196,1.0007489392120787,21,0
43.71806490043538,-4.963554535716372,16.583481302855358,0.7337707517003687,20,0
44.228881389543155,-3.8965965134310974,19.73726557514856,1.1615009096124673,21,0
45.80082198900853,-1.650749545544206,19.51080991726277,0.33825432360675545,13,0
44.97354385507574,-3.548397434653151,21.21073391523327,1.3778534596488736,5,1
45.130857797595866,-2.250490595893287,19.53285079888854,0.10245867861664437,23,0
43.61241033936277,-3.0375376804933873,18.061492490827263,1.4329207667035861,24,0
44.45994817808369,-2.54662442394034,21.27888882576693,0.8875358350776748,4,1
46.059829621851435,-2.5078584128431776,17.543319597639005,0.9742938369409999,5,1
46.20918547741936,-2.507420099660405,21.897278893322557,1.2778672256152264,23,0
46.06035102398046,-2.5488792643101865,21.54739005634257,0.10457858904325593,9,0
45.38445783476082,-2.102446150871771,21.480972194987647,0.8493727639903428,6,1
43.88508468063558,-4.449736413326411,16.52661686741397,1.2360090296046566,24,0
46.36297022335692,-4.968274389107578,15.989405001031033,0.6444281901383021,5,0
44.0395032329686,-2.0960618298066227,21.710943512630624,1.2558130953984132,7,1
44.87722868133307,-3.4860642674892794,15.259422647746222,0.7201980798071127,6,0
44.244516675528594,-4.2859586727882455,15.50317180730392,0.617719215203862,25,0
44.22699669541619,-1.7973773243262983,19.274455998840615,1.2380494135045652,10,1
44.64674193782494,-4.529178462118738,19.8996605207675,1.4502002971211934,25,0
44.40253026418292,-4.1766019919674955,19.492316775513956,0.5755969575829353,28,0
44.739171333198286,-3.7324727332242014,18.821800031107944,0.11176909026919653,28,0
45.517826298834535,-3.5543344134512713,21.272171285674982,1.2999377519401816,21,0
44.97556896497019,-2.9558444954201737,16.27684927038152,0.6301680360762907,16,0
44.11097015185231,-3.3189169871650863,20.552562661934687,0.9214583886120357,24,0
44.89010091424202,-3.961682457708194,20.470129258067207,1.1681851515793877,18,1
46.46873070754275,-3.5213371033861227,16.15302336771467,0.5154274380477231,6,1
45.635936839972416,-2.8473852764220053,21.57682676686467,0.8001865625249601,7,1
45.37328774595717,-4.793904870261387,21.26651029059739,0.3595721155195494,2,0
44.43307535630383,-3.6587123054644963,21.705135219889613,0.7514859072729593,14,1
45.373667131347474,-4.972643225074118,16.090841257972425,1.1835900963743713,23,0
46.12635105218304,-3.349584631033347,20.92845460271972,1.2099657901492327,7,1
43.89395231163874,-2.7220043639138485,16.390229809265538,1.0875246736304245,12,0
44.30379878874215,-3.1800983749957306,16.516539675860816,0.4355340422917763,5,0
44.57852511414837,-3.4925497537911143,17.2432334288507,1.1145279314741177,2,1
44.370453583641876,-4.5015458712031595,20.32639794254515,0.48965079282427004,7,0
45.4244757825873,-4.4941991296144295,16.566570228494296,0.9924775882714034,28,0
46.43978889988835,-2.459930145577596,20.44689103577949,0.9848067750924641,28,1
46.16114863540023,-2.940667365384104,21.929813438099266,0.10075360224225238,26,0
43.684752962017946,-2.4209958311887423,19.66371084739586,1.3227917844434796,29,1
45.00446119036153,-3.2112044869452663,16.919716807745395,0.5300508545566509,19,0
44.10556752462301,-2.7048140605852353,21.5895711952759,1.2271132854515192,29,0
44.44051549433122,-4.507444905646657,20.255937947106652,0.5683467534320725,21,1
44.201387337182624,-1.7955925262568657,21.200499909522907,0.9623464628703637,19,1
45.3123398601555,-2.6502816442735684,17.4109851971732,0.6725275362368598,22,0
45.449432561350754,-2.3012401210764213,15.151735199084515,1.0595545060724278,21,0
45.32124236790064,-3.6070816620779307,16.955397841192802,0.9764857594385306,23,0
45.67590703159962,-1.753218789600767,19.59012729283387,1.4218811134969904,28,0
46.301638247090374,-3.637924077993394,15.745963703565577,0.947077293463318,17,0
44.30138862808454,-1.8437630868732509,21.354562894727955,0.42840223465347815,19,0
44.13297484511796,-4.151547760857555,20.881548054612598,1.2752324363652068,7,1
45.23798299600188,-3.581532645285764,17.402587507953257,0.8541480183207515,15,1
44.247534651044475,-4.772478054672524,21.373746310374997,0.918804529808293,28,0
43.929737546768315,-4.715146363124511,21.130493516194626,0.502249739557476,15,1
45.36640453858782,-4.564502285794479,19.38195356246793,0.4328536504019461,26,0
45.6295359295186,-1.7626488232889774,17.6283017979818,0.23929089715282112,12,0
45.335088453969945,-1.889651338398794,21.446553805864564,0.8558666082989913,18,1
44.02531227202182,-4.652402710440929,16.247048683736914,0.8745756090610827,28,0
44.49296292850755,-2.7216249386599096,20.30041883546137,0.45593444756329693,23,0
44.50305885316314,-2.1490163451726128,17.260266219868,1.4026546400436608,26,0
46.234627590668076,-3.9082339289543957,18.66404627616639,1.3274827057467677,14,1
45.07479215982169,-4.869997620039778,21.285413066151076,0.6459955532799309,21,1
46.17913847442609,-4.849561101217191,21.858636963807044,0.9239720443676586,15,1
44.77243507465053,-1.8182151183633306,21.79464697631914,0.5933423656159545,22,0
44.44928403868616,-2.9187681659699964,15.419482335058053,0.9790280000984269,16,0
45.148039786139364,-2.7619417238326056,21.158484005194616,1.2355831036891551,22,0
44.01678272324944,-4.745207433651837,18.90728144672492,1.1855444465169416,9,1
45.47223596678059,-4.8986957033102945,17.6187391286016,0.424485006509172,29,0
43.92872683525559,-4.524808622140281,18.51104070873739,0.5231770387881182,26,0
45.48079856825798,-4.079697032502445,21.135738740387048,1.4973831677425609,8,1
44.48910362139333,-2.142818273759947,18.304411232101415,0.4225697374154981,25,0
44.53113470425229,-1.873848455836701,19.467122110184075,0.10233956133411644,19,0
44.63255108460083,-2.4111196505104298,16.293751548457717,0.7880147585023519,5,0
45.490192318198915,-4.73776267026632,17.233580040647123,1.46075035463958,2,1
43.59731940230105,-3.3512662346864848,16.85053714807628,0.9804047826715604,27,0
45.593825147687205,-1.7817266308259754,15.756118026894672,1.1582484229158438,1,0
45.336799594293254,-2.226818234631156,16.93525517813523,0.16144421904184095,22,0
46.23347180640037,-4.568151165366192,20.242324444989578,1.3799019566867685,29,0
44.48326424954387,-1.7099891651952843,20.09418414002555,0.16780625341513916,7,0
44.17049268973714,-4.026318456209876,20.364492379016944,0.1267527738487577,29,0
45.402631701100546,-3.137943305622276,17.833993415545475,1.2269303359327572,22,0
44.46405804087836,-3.9934552822346863,21.478258060494884,0.14883458725541504,9,0
44.47500670164521,-4.6051023233116055,17.4702750801337,1.4207629828201769,23,1
46.411279681431,-4.330779118612314,17.646740937448243,1.4628840085534622,1,0
45.29244660209452,-4.666490946917231,16.876202683977798,0.7538509792148461,9,0
44.169389395287574,-2.526566824198195,18.86578281896834,0.6946083398404029,6,1
44.35559115744947,-4.079625767812779,21.274468215498207,0.3030204174806769,18,1
44.067499422688485,-3.7582208408182702,17.601072509345823,0.5386807803175799,22,0
45.11713646249785,-3.5464566768499353,20.204114273574167,0.5325063952215321,9,1
43.55696445903738,-3.935763904831359,20.69614516531788,0.46911584590796374,15,0
44.721992154941674,-3.319557448255629,17.492448289943066,0.4090717662155453,10,0
44.53235194351274,-2.6048429602589183,21.96901258072322,0.34067991427357736,8,0
43.55824223285673,-3.1780101982972058,18.110674195751187,0.3793105785512608,8,0
45.42010430113001,-2.761622098076689,21.180510357170704,0.802411637669711,12,1
43.75734306845632,-2.908456737756899,19.299551550067086,1.0571099749278567,11,1
43.939280536301375,-3.8681263603827354,16.54606046678523,0.21868366488193555,7,0
46.42375345142598,-4.3218702048855935,19.928451620604186,0.23620695664198624,5,1
44.549484703900774,-3.1539961656511637,15.206714870108401,0.5964255413118758,18,0
44.08403967060373,-3.0659332552844476,15.934448954598796,1.4622848456523776,26,0
44.24099430407877,-2.8991519625380766,19.17611976147102,0.28605272814034133,16,0
44.54214610565182,-2.7505831927163973,16.49189282421216,0.11158357298176953,15,0
45.57317910958727,-2.7542119314878923,15.240304333228961,0.6885183069474581,9,0
45.46994105301545,-1.926261767966798,15.368225841676054,1.3932897340220511,16,0
46.02982834322278,-4.392463800093651,18.21368316365774,1.2119558293484411,6,1
46.20744411448061,-2.092746915656622,18.65643803477178,0.14363707725320005,13,1
45.057231295609704,-4.276237066550473,16.048275565610936,1.0995048894154216,29,0
44.544345076660996,-2.2806152653604608,18.275695621668305,1.1763743316195416,27,1
44.0667008420249,-2.501629712243432,16.29278769147336,0.2007000887954771,15,0
45.726636200121185,-3.581753395516489,16.05359767717788,0.3399693318197516,12,0
44.14585555807385,-4.661944502496021,18.061884759159312,0.6537228844633476,4,1
44.27734413859281,-1.836193022206535,21.421861688728043,0.6081866798680167,20,0
45.99486926740472,-1.7398117110084192,17.878153892779206,0.5249226578955307,1,1
45.55874774013238,-1.5152276360580172,19.175866384119253,1.1840037313688998,15,1
45.94015508889052,-3.6476359806745213,18.48826099966673,0.20745287688023456,4,0
45.198807506060035,-3.425901461244393,20.792116895724295,0.48785878255661963,4,0
45.308300739755936,-2.6019523274501153,17.382625956864988,0.8007211665819711,21,0
46.34099746916921,-3.394002086136937,17.82644692946083,0.9563533852149676,21,0
44.30745940680036,-4.55165883941024,18.155840137416885,0.7095928520889663,8,1
44.694574607415134,-2.7950393288352955,20.966860408106008,0.7565638946571143,29,1
45.88274026164385,-2.212494063113437,20.332425232569218,0.6501136246865755,27,0
45.832063151166444,-3.352676387303486,15.480756403744733,0.5147297131364381,12,0
43.67039177010953,-1.7748661334502587,17.438576754905466,1.0907378912657917,20,0
44.98625260542075,-3.905050199512119,17.694334383920317,0.9693129954197456,12,1
44.060901354228534,-3.2038908693232733,20.60691997908111,0.7833781445803092,11,1
44.669095880207436,-4.964623630535093,19.064277589139934,0.6878007612864571,25,0
46.41608516198194,-2.995390718373615,15.041616667073233,1.4579491314620192,19,0
46.39712344103719,-3.781732128074321,20.64959629990307,0.47260705343043863,14,0
45.80203317642599,-4.387062516734841,17.484197366715616,0.321415198659627,24,0
44.35024162650616,-4.268628999052161,17.80065957038464,0.6181127780778207,10,1
45.74943361242912,-4.919573889589725,21.05618989105149,0.339522859506687,15,0
44.38225788102501,-3.199132648373856,21.5093397848168,1.1043066895239266,19,1
44.09520487523112,-4.704167723765924,16.358395704147753,1.2477238649654216,16,0
44.35900874079972,-1.5758058919971472,21.5003417133757,0.5367456618777716,15,1
44.293907232264566,-2.144400774279839,15.538566676102581,0.4133834942904937,6,0
45.15807815503297,-2.6126058289874985,21.850555697372624,1.394166376203893,11,1
44.558910993254,-2.464759481430336,20.86886035848036,0.9312849012966112,17,1
45.33526694512553,-4.7584139928151075,16.570074715512337,1.029864106458725,1,0
45.55076345633034,-4.5951237613255245,19.67236743895912,0.16931563358367163,26,0
44.95912171146268,-2.9125134450438344,16.896831979280975,1.3402941448567285,4,0
43.90303435081417,-3.6716667381849097,17.191270858463444,0.296434463626137,1,0
46.01732610422138,-2.935025147527914,17.558486999433732,1.1505505369816076,26,0
43.88061861634627,-1.7423222762592854,16.072806358972247,1.1604035916826259,1,0
45.271731146483944,-2.1751788305938256,19.757528865683224,1.2741493315428452,2,1
44.605472014766065,-1.8136330078075713,16.79736065350592,0.6901907499989428,1,0
44.32675886215723,-2.3765372169872334,21.23338337681274,1.4361995269725847,5,1
45.67243818674825,-4.599442675987843,20.865711244142407,0.47248939673979573,18,1
45.63506967889742,-2.0180796077022105,16.872805170509995,1.1313257206967162,18,0
44.30497653812161,-3.019214884223186,19.999417147376914,0.8647790122306312,8,1
43.54507173395433,-2.835551456687681,15.208313237719873,0.9501278394228051,3,0
44.611094329935746,-2.2312011342338636,15.704756155993449,0.6772472501797691,21,0
45.993090441825856,-2.112072590589218,17.91415690301739,0.32293689946799753,2,0
44.40499537944152,-4.463032546892883,18.102602715751058,0.7103509875299788,8,0
44.593360241456544,-2.4889822038874794,15.550292037572948,1.4519192103604552,1,0
44.51232988742655,-2.141178657659036,18.821684524994865,1.3724456661213882,1,1
43.74343742069838,-2.9696449685337343,16.032946255998972,1.4867405473280582,12,0
45.557605838891476,-2.928012012474481,16.1230550682845,1.288260140095406,15,0
46.32086077213733,-4.816993193335231,20.580384833250314,0.35328671270430945,15,0
46.22966783314335,-2.3601544999551463,17.960757842103078,1.0536343898982021,24,0
45.3614194556481,-1.863946962367312,20.739328690870327,1.0441474593657114,27,0
46.28873443142242,-4.194205559840517,16.414323126566728,1.382018628502374,20,0
45.249686461262215,-2.763166634538106,20.069539397621664,1.1738298454314073,14,1
43.917901343516625,-2.803033812177455,17.44614059431553,0.9948923991113082,14,1
44.42256904778,-2.079001824574839,20.613638971494368,1.3942469836510674,24,0
44.97576882074251,-2.7051748420748307,15.007591257329441,0.9199920104749105,3,0
44.598095343380365,-4.76904857367021,20.184483822323312,0.12681984152490133,17,0
45.68833998762598,-4.86689869245624,18.973284389280607,1.3408050920198524,11,1
43.679818937759364,-3.2060624813999157,15.719335231511163,0.406444397935834,28,1
45.29084918705704,-4.729241262893163,16.078054729832658,0.4702698670700879,12,0
44.77922122011151,-2.395730345555915,16.743624466632234,0.33468485670403936,20,1
44.31339730656803,-2.956855703729257,19.21158818392893,0.33980893060234196,21,0
43.94617149406626,-4.474389098323688,20.147782310315062,1.1940756056237913,24,0
43.565788855909126,-2.9169838715345393,21.885310505132736,0.6655359019905143,2,1
45.14670534634996,-4.675762006788009,18.29134595026752,0.810378382512305,2,1
45.58446903630474,-4.755621666177845,17.67165801557442,1.436044780440283,2,1
44.928189176915275,-4.14763773979897,21.82380524691579,1.0466232752708946,2,1
45.93033240729283,-4.353768858521459,16.80488763952952,1.0602196395032348,10,0
44.496017521901365,-3.6930020374722865,20.854130353581212,0.9897104618334802,17,1
45.17205397392359,-3.046372075251019,17.2441044831573,0.7125831565141421,10,1
46.39807927810188,-2.9648841032749766,15.32277278368302,0.6069739160866582,10,0
44.3807737579929,-2.156724796666643,18.279101257805973,0.44847931743628355,12,0
45.97083068113028,-3.261751577006041,21.335974264953236,0.32717545183712343,21,0
43.50303679151763,-2.230992166987186,21.1265119131456,0.17854665032622563,23,0
44.865935806386204,-1.7696902112798747,17.068649768493927,1.2768329649293895,26,0
44.59255184112592,-2.2997478773520212,20.3358165434854,0.1542297788136712,9,0
43.8860197142326,-1.8858149248972693,18.67048270599668,1.3360109898997803,17,0
44.85840170152103,-3.5663343545104915,18.30888836402289,0.1008010210894088,5,0
45.83854649683009,-4.882314947320636,20.641531990619818,0.5893056371704841,5,1
43.62279651482533,-3.2995590321986135,21.411694735700053,0.4982065768597961,6,0
46.117946693223715,-4.493253405561624,21.010229244725934,0.10871470378225474,24,0
46.43666211901575,-4.020816156965556,18.43163955597168,0.8603948872506012,23,0
45.55750865636549,-3.115657918338947,16.266911055814397,0.41749377107457397,12,0
46.35769154478236,-2.3050601582843844,15.420340308884763,0.8408717725829354,8,0
45.41263974683958,-2.4365877710756574,15.949650286103507,1.0586086067634897,29,1
44.89328248878203,-2.4354942921848286,20.149011755888814,0.5350941712088967,15,0
45.09161406456209,-3.83545385827183,17.875918909341763,0.694436893581743,28,0
46.0624069751443,-2.784524150109222,20.197187405685796,0.43704152169969135,1,0
43.569656826846,-3.9873829492679524,20.969371139694992,0.44521330183193475,1,0
45.491991176012846,-1.8823147192950862,15.488156944895941,0.36453639956464656,23,0
44.36505617037217,-1.960435708838148,19.998241847659585,1.2130404168938416,21,1
46.386363373840794,-3.926265201479034,17.485325140371152,1.3069229079553577,14,1
46.2548914855701,-1.8671440583259646,15.891164420305264,0.7968212644331215,15,0
44.34499627786484,-2.143439003611188,19.23037166554865,0.8937107125652903,14,1
46.43926628924005,-4.221912466674594,17.837755219757636,0.5853828412700398,18,1
44.89627562444424,-4.780685543457923,17.31152401856037,1.3895737789149256,11,1
44.1150560704182,-1.6338100419460613,21.9682979375338,0.20232570838901637,18,0
43.979212973480216,-3.4173444628916667,18.42665403142927,0.8384485240743317,9,1
43.55844788255179,-4.101129375169563,15.536051608357559,0.2498132972817822,7,0
46.480845130581365,-4.967982752953332,18.760098099726655,1.124038518281109,9,1
44.72248499833455,-1.809116194433452,21.752402993092797,0.5063415147004022,19,1
44.72787405332486,-4.056888100334562,21.975448496447537,0.14587403433198456,22,0
43.81310725823103,-3.1847978678875934,18.336691140766895,0.33742072949250235,3,1
45.08799472021226,-2.7876757321610226,15.17529510946146,0.9115239807783755,15,0
44.619863193854385,-2.258487097643689,16.27377390765307,0.7007465666881213,16,0
46.349638088053986,-3.351927488441776,21.33455309004562,1.4938094363445755,17,1
46.444673380660376,-2.625631390484759,16.042761769140505,0.4596065916905687,23,0
46.2967469920552,-4.140571735468617,17.765046764178436,0.38255218479849906,16,0
45.84581453153599,-3.3825281437152515,21.877828904514672,1.386743615550537,14,1
43.79582655970703,-2.439517608007713,19.98074532078082,0.9576462521418964,12,1
46.2469462660086,-4.7482131695398735,17.378807403018516,0.6720869101357867,18,1
44.91443902443163,-3.225444286105407,17.833997418081687,1.0900149967744903,10,1
44.839229059383364,-2.182771002598942,21.861139204709236,0.22931054556707886,15,0
44.632942357173555,-1.9417445735539594,19.62403778298089,0.38869388336785227,12,0
43.62482361180348,-3.445250162490031,21.061837241862506,0.19302350305329796,10,1
43.72927566182231,-4.966507582656839,16.6097269679058,1.299944036453894,20,0
45.031325456714164,-1.6142462018472776,20.606621921406052,0.13565876430922347,29,0
44.08761209315579,-2.5965271564212515,20.555568026819948,1.4710252621433004,10,0
45.65989764905524,-4.278947780375933,18.979920404663797,0.4222849863139049,16,0
44.34370602634785,-3.4423192558920395,16.18917398290715,1.2951892363372681,6,1
46.07213582359117,-3.8186826037734356,21.644272142411985,0.9106984852215397,9,1
45.0432890750955,-1.6103023920306598,21.531192303236537,0.20034899029879824,3,0
44.27222757452758,-4.009251055164733,16.118558053359504,0.9334681713850729,6,0
43.752870259436556,-4.646619643319825,16.452941374125015,1.465427560211521,24,0
43.72968383482684,-4.733456897702094,17.84313562828227,0.24665944667933742,2,1
44.8383722548229,-4.389313164793556,15.344376565690817,0.2634704788074349,23,1
45.95736016535799,-4.257087525688664,21.279437703927655,1.2209483018635237,16,1
45.48016022213636,-4.612104002223259,18.37526050397308,0.7826407706477767,13,0
44.392794723004954,-2.883713994006885,16.06897193568239,0.30076981561909627,15,0
44.08074604918583,-3.5134757785908954,18.977801404403785,0.16929644672268235,1,1
46.4001507289347,-2.1820037797029346,15.455784001730677,1.3976702735444937,17,0
46.48534264532742,-4.239790526001636,17.814064858451275,0.33070189335099837,15,1
44.93108373878814,-2.882297916270195,18.060997659556463,0.7815068106256814,23,0
44.51095355677755,-2.140895323244131,21.052077222599575,1.1464187296062058,20,1
46.29877869865885,-4.31550213136107,19.37398619207456,1.2691305991579027,5,1
44.173369122434586,-2.5101589673678837,18.019019785029656,1.3508778658685776,23,1
44.22430177610046,-2.0400807438332587,19.549037003355092,1.0066454195245778,18,1
46.22676271695993,-1.7011241843881182,21.684114837352375,0.5353457340967215,9,0
45.90016567419619,-1.781318627926471,15.222203926333224,1.3316658703171584,22,0
45.02760355602204,-3.580840321547016,18.413329425037283,1.4714829462556482,15,0
44.321250454846506,-3.1453887432730294,16.944347011873596,1.0443012911733989,12,0
43.875488124731824,-3.216885090317761,18.03530908838341,0.10048113838010304,12,0
43.581585436503154,-4.534475761643072,19.689639978136608,0.18099907881195318,29,0
45.32612599430144,-2.3171442405632936,21.01874964665922,0.711121892447309,15,0
45.88527591603186,-1.577800501414036,21.128738495984873,1.134163836187707,29,0
44.839402274726616,-2.0215142992531034,19.720903396535455,1.2805160922788197,11,1
45.097837438409094,-4.158560538512075,16.621820563702713,0.9810970980929027,29,1
44.013093774113564,-4.493158042059442,15.184071736330608,0.54624378123509,10,0
43.809156546561965,-4.969847544196417,20.354962849062012,0.4427796743953665,29,0
44.51012429549876,-4.598188892892109,17.654446514251514,0.6528275476385909,20,0
43.8180674607865,-4.5185930401622105,21.43723641569031,0.7751921832801628,22,0
45.28820511491226,-2.216320932973135,15.747324665205475,1.4729927602042225,22,0
44.76091436323707,-4.010649798197662,16.70107617551998,1.3922291112166059,2,0
44.52701985882149,-3.2897701605021377,18.51903533423905,0.557879315861194,29,0
45.765718503538416,-3.1514251799059982,16.948502409982844,0.6957851268989467,20,0
44.276626290290544,-1.6762915145404191,20.636024956022048,0.6314875538240582,9,1
45.490792570818414,-4.5919706426116065,20.988287749212372,1.4742857775569718,10,0
45.76004155429753,-1.8362841873450488,21.629281865541056,1.3683276987570194,3,1
45.990999740914184,-2.490320278961631,19.185006317301543,0.7483386256349672,7,1
46.074453929352096,-2.0870886862100306,17.3046954648418,0.499189541804984,29,0
44.32474747658428,-1.8277945604941124,18.302024038728483,0.25707866951693353,19,0
43.94516113589312,-2.06773752870533,17.472616565210664,0.7205041886648215,25,0
44.334254249670494,-1.7829001501150534,15.633455037539042,0.1824143947494551,18,0
45.02353867190424,-4.674610335720071,17.47686180496261,0.7467867303169725,26,0
45.407276895420985,-2.10143302990598,18.986925596112773,0.36683902417455116,15,0
43.875099098901636,-4.307929050986463,15.600314954865011,0.25241838710430364,23,0
45.74500564549319,-4.635968182310627,19.264722826543554,0.33050281451455277,25,0
45.112889229961105,-4.318693622832104,16.90128556164298,0.5935964313021506,6,0
44.7688526731598,-2.2948458601371042,16.628159464313505,0.46207369263438836,11,0
44.748999173579435,-4.391998478742255,17.148787659612434,0.7360013535199276,16,1
45.057045223487485,-3.8143398562203736,20.12397923591159,1.0225025492873416,5,1
46.416873992570736,-1.5068602478672757,20.377618838290534,0.5007942252081089,26,0
45.18603648046326,-4.161805792407327,21.771663133721564,0.4855893038426967,10,0
45.046737964153124,-2.369861656642476,20.222558642011563,1.4903964332348976,4,1
44.61544588428801,-2.1834167898262207,16.527254962566985,0.55705191786998,5,0
45.21787876833009,-2.53517376568139,19.00714456279424,1.0170181619589413,24,0
44.519543656784364,-2.0215478231592057,19.903548197789405,1.374642278100362,5,1
43.98001457556203,-2.2734627312378533,16.072821899603884,0.7978647889466831,2,0
44.999156657231914,-3.5989130340787465,16.101123278234667,0.8102727111572562,18,0
44.296303453350646,-3.2045635935656316,19.77961141640474,0.7008658266028162,15,0
46.21367262744179,-2.0732004100255677,15.563307311864873,0.9199719561025739,7,0
44.098470762823645,-2.7567271767209447,19.497475040772734,0.4590949066006089,5,1
44.470144023543085,-3.4226425385487493,19.45309696610256,0.4941808156861769,17,1
46.10588608593552,-2.2114236213336858,21.814455403187495,0.1422059869388564,5,0
45.718343100304565,-1.6248130335706708,20.347282518290285,0.6291613066557606,3,0
45.73681734099513,-2.475638521422929,17.46864184561537,0.5834862288573043,18,1
44.2532187464904,-2.805573156258291,21.675011026477037,0.7400536386205755,26,0
44.21039344083864,-3.8715696238448625,21.072053169467104,1.2944430419395418,22,0
45.60404419091338,-4.164048077316401,19.68292809406968,1.4950041321191652,10,1
44.287247853223064,-4.4252953726177235,19.601393948468292,0.6537024593747335,2,1
43.90424942550502,-2.702534290640165,17.0988448612009,0.8363407210774374,7,1
43.61937516495997,-3.651234394088285,18.554132267919737,0.9759447693428548,27,1
45.31595955073378,-2.512464763220041,19.408864560854678,0.600324033319022,1,0
44.005796075445325,-3.140235837595975,17.87559768844278,0.24871222264172702,26,0
45.3116328407239,-4.538994484431873,15.475004915377541,1.1159462957645176,16,1
44.96325939392382,-4.405243333033056,21.04464204985325,1.2286823454310052,7,1
44.27783783302829,-3.413202999295781,17.081481398204264,0.5843265971157146,16,1
45.18963584368958,-2.1303484934156107,21.336678074574767,0.7742679385068997,6,1
44.55074330064939,-2.6575289374314632,18.524006026299382,1.0079051266205068,19,1
46.01638279822693,-3.5702626774745996,18.876067800906466,0.5573157104483907,18,1
46.329678259286005,-2.339965890434594,19.30914712065125,0.12038489368349425,22,0
45.52175483376994,-4.66919216054487,17.956731987858188,0.7697896668174099,29,0
44.75576843266266,-1.6678240762570389,21.528052989724763,0.7968013389887469,11,1
44.19533957101929,-3.434512654720179,21.330650738631245,0.26431552009903103,20,0
46.12037054866754,-3.844274935744447,17.355348833368414,0.5127508074496812,5,1
46.11077329120134,-3.8581461240114505,19.233431365418646,1.0111128806157568,24,0
45.554263286651164,-3.371588551498499,15.28715737366952,0.3224812758725146,14,0
45.63508149148847,-4.611193450348325,18.711910585467862,0.7805364933015945,19,1
44.20211040501075,-2.044638689097651,17.17945469029674,1.372275343784093,15,1
